Pedido;Data do Pedido;Produto;Categoria;Qtd;Preço Unitário;Frete;Total do Pedido;UF;Status do Pedido;ID Cliente
#50000;04/09/2024;Luminária;Casa;3;415,73;33,02;1.280,21;MG;Enviado;CLI1071
#50001;21/06/2024;Tapete de yoga;Esporte;1;352,81;24,32;377,13;SP;Enviado;CLI1297
#50002;15/12/2024;Perfume;Beleza;3;186,92;16,82;577,58;PR;Entregue;CLI1316
#50003;01/05/2024;Toalha;Casa;3;266,78;22,54;822,88;SC;Entregue;CLI1212
#50004;08/02/2024;Hidratante;Beleza;3;419,00;24,70;1.281,70;GO;Entregue;CLI1363
#50005;05/10/2024;Carregador turbo;Eletrônicos;3;180,75;13,81;556,06;SC;Entregue;CLI1244
#50006;28/04/2024;Perfume;Beleza;3;288,49;30,73;896,20;RJ;Cancelado;CLI1309
#50007;09/05/2024;Luminária;Casa;2;51,73;31,51;134,97;PR;Cancelado;CLI1098
#50008;26/03/2024;Tênis;Moda;1;214,11;12,16;226,27;RS;Entregue;CLI1133
#50009;27/05/2024;Fone sem fio;Eletrônicos;1;180,96;39,36;220,32;RS;Cancelado;CLI1108
#50010;25/02/2024;Tapete de yoga;Esporte;1;350,67;6,43;357,10;PR;Cancelado;CLI1242
#50011;18/05/2024;Hidratante;Beleza;3;166,98;33,33;534,27;RS;Cancelado;CLI1029
#50012;30/08/2024;Mochila;Moda;2;97,05;4,13;198,23;MG;Cancelado;CLI1242
#50013;12/05/2024;Tapete de yoga;Esporte;3;282,49;44,06;891,53;CE;Entregue;CLI1006
#50014;14/06/2024;Camiseta;Moda;1;385,69;33,86;419,55;PE;Entregue;CLI1188
#50015;24/06/2024;Perfume;Beleza;2;91,75;35,63;219,13;BA;Cancelado;CLI1341
#50016;14/08/2024;Perfume;Beleza;1;317,43;29,59;347,02;SP;Entregue;CLI1126
#50017;16/03/2024;Mochila;Moda;1;308,90;10,43;319,33;RJ;Cancelado;CLI1075
#50018;21/01/2024;Mochila;Moda;1;460,89;3,05;463,94;BA;Entregue;CLI1363
#50019;22/05/2024;Tapete de yoga;Esporte;2;101,91;21,77;225,59;SP;Entregue;CLI1266
#50020;05/07/2024;Jogo de panelas;Casa;1;381,72;9,96;391,68;BA;Enviado;CLI1153
#50021;07/10/2024;Smartwatch;Eletrônicos;3;134,93;44,54;449,33;RJ;Entregue;CLI1151
#50022;13/11/2024;Camiseta;Moda;1;459,09;6,12;465,21;BA;Entregue;CLI1162
#50023;27/08/2024;Mochila;Moda;3;195,87;35,74;623,35;GO;Enviado;CLI1258
#50024;12/06/2024;Garrafa;Esporte;1;39,54;31,99;71,53;MG;Entregue;CLI1208
#50025;30/05/2024;Mochila;Moda;1;242,06;28,37;270,43;GO;Entregue;CLI1187
#50026;11/08/2024;Carregador turbo;Eletrônicos;1;230,97;8,66;239,63;GO;Entregue;CLI1287
#50027;02/06/2024;Smartwatch;Eletrônicos;3;203,31;30,80;640,73;RS;Entregue;CLI1145
#50028;10/04/2024;Perfume;Beleza;3;367,30;42,20;1.144,10;SC;Cancelado;CLI1114
#50029;31/01/2024;Toalha;Casa;2;561,28;6,44;1.129,00;SC;Entregue;CLI1278
#50030;07/12/2024;Jogo de panelas;Casa;1;246,44;30,31;276,75;BA;Entregue;CLI1199
#50031;26/05/2024;Tapete de yoga;Esporte;2;277,96;26,25;582,17;RJ;Entregue;CLI1345
#50032;04/12/2024;Mochila;Moda;3;107,41;18,17;340,40;CE;Enviado;CLI1332
#50033;05/12/2024;Camiseta;Moda;1;62,78;20,36;83,14;PR;Enviado;CLI1039
#50034;15/05/2024;Hidratante;Beleza;1;381,19;19,66;400,85;PE;Entregue;CLI1060
#50035;08/11/2024;Fone sem fio;Eletrônicos;1;264,34;42,16;306,50;GO;Entregue;CLI1139
#50036;26/08/2024;Hidratante;Beleza;3;201,59;4,59;609,36;GO;Enviado;CLI1268
#50037;25/11/2024;Smartwatch;Eletrônicos;1;193,54;6,30;199,84;SP;Entregue;CLI1127
#50038;10/09/2024;Fone sem fio;Eletrônicos;2;530,00;35,36;1.095,36;MG;Entregue;CLI1071
#50039;04/04/2024;Garrafa;Esporte;2;598,03;7,03;1.203,09;CE;Enviado;CLI1224
#50040;23/06/2024;Garrafa;Esporte;2;589,69;4,96;1.184,34;RS;Cancelado;CLI1173
#50041;04/09/2024;Tênis;Moda;1;508,05;2,24;510,29;CE;Enviado;CLI1136
#50042;18/10/2024;Tênis;Moda;2;543,67;41,17;1.128,51;RJ;Entregue;CLI1148
#50043;26/03/2024;Toalha;Casa;2;123,37;24,17;270,91;RJ;Entregue;CLI1325
#50044;12/08/2024;Carregador turbo;Eletrônicos;3;279,36;12,72;850,80;CE;Cancelado;CLI1292
#50045;02/11/2024;Luminária;Casa;2;111,95;39,74;263,64;GO;Entregue;CLI1033
#50046;15/11/2024;Garrafa;Esporte;3;452,04;42,90;1.399,02;MG;Enviado;CLI1083
#50047;15/11/2024;Tapete de yoga;Esporte;1;427,36;41,32;468,68;RJ;Entregue;CLI1391
#50048;15/02/2024;Jogo de panelas;Casa;1;513,69;33,20;546,89;GO;Entregue;CLI1010
#50049;04/12/2024;Tênis;Moda;1;598,14;39,78;637,92;RS;Enviado;CLI1192
#50050;12/06/2024;Mochila;Moda;1;571,50;25,42;596,92;RS;Entregue;CLI1188
#50051;02/10/2024;Garrafa;Esporte;3;180,35;7,21;548,26;SC;Cancelado;CLI1174
#50052;10/09/2024;Carregador turbo;Eletrônicos;3;268,05;32,90;837,05;RJ;Cancelado;CLI1198
#50053;25/01/2024;Jogo de panelas;Casa;1;155,17;14,61;169,78;PE;Enviado;CLI1299
#50054;28/08/2024;Perfume;Beleza;1;340,27;4,25;344,52;GO;Entregue;CLI1043
#50055;27/06/2024;Luminária;Casa;3;427,23;37,26;1.318,95;PE;Entregue;CLI1181
#50056;18/01/2024;Tapete de yoga;Esporte;3;510,34;15,51;1.546,53;PE;Enviado;CLI1090
#50057;23/01/2024;Garrafa;Esporte;3;457,53;14,35;1.386,94;RS;Enviado;CLI1332
#50058;01/12/2024;Perfume;Beleza;3;49,85;38,87;188,42;SP;Cancelado;CLI1249
#50059;13/08/2024;Tapete de yoga;Esporte;1;598,87;42,85;641,72;SC;Cancelado;CLI1007
#50060;07/11/2024;Perfume;Beleza;3;279,64;35,21;874,13;RS;Cancelado;CLI1397
#50061;27/11/2024;Camiseta;Moda;1;317,95;27,54;345,49;MG;Enviado;CLI1325
#50062;20/02/2024;Toalha;Casa;1;185,09;34,38;219,47;CE;Entregue;CLI1318
#50063;29/09/2024;Toalha;Casa;3;266,20;41,34;839,94;BA;Enviado;CLI1123
#50064;01/01/2024;Smartwatch;Eletrônicos;1;582,63;28,74;611,37;GO;Cancelado;CLI1152
#50065;14/09/2024;Tênis;Moda;1;320,79;33,11;353,90;MG;Entregue;CLI1304
#50066;10/12/2024;Tapete de yoga;Esporte;1;57,02;26,27;83,29;BA;Cancelado;CLI1310
#50067;08/04/2024;Tapete de yoga;Esporte;2;502,23;43,40;1.047,86;SC;Entregue;CLI1156
#50068;03/04/2024;Jogo de panelas;Casa;1;225,90;22,17;248,07;CE;Enviado;CLI1198
#50069;08/01/2024;Smartwatch;Eletrônicos;1;142,29;40,65;182,94;PR;Cancelado;CLI1193
#50070;03/10/2024;Tênis;Moda;3;335,35;0,09;1.006,14;GO;Cancelado;CLI1262
#50071;20/04/2024;Tapete de yoga;Esporte;1;334,96;7,06;342,02;SC;Enviado;CLI1131
#50072;09/08/2024;Jogo de panelas;Casa;3;524,00;30,70;1.602,70;PE;Cancelado;CLI1020
#50073;20/03/2024;Perfume;Beleza;2;124,68;18,04;267,40;CE;Cancelado;CLI1202
#50074;03/09/2024;Luminária;Casa;1;40,05;26,59;66,64;PE;Entregue;CLI1356
#50075;23/11/2024;Tênis;Moda;1;78,12;36,55;114,67;CE;Entregue;CLI1316
#50076;15/03/2024;Tapete de yoga;Esporte;3;449,59;24,90;1.373,67;SC;Enviado;CLI1296
#50077;08/07/2024;Garrafa;Esporte;3;186,77;13,71;574,02;RJ;Entregue;CLI1130
#50078;19/12/2024;Tênis;Moda;1;224,70;24,86;249,56;SC;Entregue;CLI1132
#50079;17/02/2024;Tapete de yoga;Esporte;3;337,90;16,30;1.030,00;BA;Entregue;CLI1377
#50080;29/02/2024;Perfume;Beleza;1;584,04;38,88;622,92;PE;Entregue;CLI1133
#50081;08/12/2024;Luminária;Casa;1;110,88;21,85;132,73;PR;Enviado;CLI1324
#50082;12/03/2024;Toalha;Casa;3;492,26;14,75;1.491,53;RJ;Cancelado;CLI1372
#50083;20/05/2024;Perfume;Beleza;2;227,89;43,39;499,17;MG;Cancelado;CLI1067
#50084;29/03/2024;Tênis;Moda;2;307,26;11,64;626,16;PE;Entregue;CLI1361
#50085;25/01/2024;Garrafa;Esporte;1;222,83;39,53;262,36;PR;Cancelado;CLI1211
#50086;21/08/2024;Mochila;Moda;1;274,02;3,38;277,40;RS;Entregue;CLI1275
#50087;28/04/2024;Tapete de yoga;Esporte;1;582,33;14,76;597,09;SP;Entregue;CLI1169
#50088;23/08/2024;Mochila;Moda;2;100,53;42,67;243,73;BA;Entregue;CLI1150
#50089;25/01/2024;Garrafa;Esporte;1;120,36;41,66;162,02;PE;Entregue;CLI1267
#50090;21/04/2024;Tapete de yoga;Esporte;1;275,24;1,79;277,03;BA;Entregue;CLI1280
#50091;12/10/2024;Tênis;Moda;1;270,16;18,84;289,00;PE;Enviado;CLI1139
#50092;05/05/2024;Tapete de yoga;Esporte;1;48,32;22,36;70,68;PR;Entregue;CLI1048
#50093;01/10/2024;Mochila;Moda;2;589,83;38,15;1.217,81;PR;Entregue;CLI1149
#50094;12/01/2024;Mochila;Moda;3;110,59;1,33;333,10;RJ;Enviado;CLI1034
#50095;01/11/2024;Toalha;Casa;1;230,69;28,98;259,67;MG;Entregue;CLI1130
#50096;05/06/2024;Tapete de yoga;Esporte;3;598,46;0,72;1.796,10;RS;Cancelado;CLI1273
#50097;01/11/2024;Carregador turbo;Eletrônicos;2;547,71;39,15;1.134,57;PE;Entregue;CLI1233
#50098;22/04/2024;Smartwatch;Eletrônicos;1;516,14;23,65;539,79;BA;Entregue;CLI1253
#50099;22/12/2024;Toalha;Casa;3;550,26;40,76;1.691,54;RJ;Enviado;CLI1136
#50100;19/11/2024;Hidratante;Beleza;1;233,44;6,90;240,34;BA;Entregue;CLI1153
#50101;29/10/2024;Jogo de panelas;Casa;2;283,67;44,54;611,88;RJ;Entregue;CLI1174
#50102;17/12/2024;Toalha;Casa;1;38,48;9,36;47,84;CE;Entregue;CLI1389
#50103;15/04/2024;Camiseta;Moda;1;356,30;33,97;390,27;SC;Cancelado;CLI1251
#50104;03/07/2024;Hidratante;Beleza;1;264,42;41,65;306,07;RJ;Cancelado;CLI1047
#50105;06/12/2024;Perfume;Beleza;1;431,52;22,34;453,86;MG;Cancelado;CLI1312
#50106;04/05/2024;Mochila;Moda;2;300,29;38,70;639,28;RS;Cancelado;CLI1375
#50107;02/03/2024;Mochila;Moda;1;426,60;13,92;440,52;MG;Entregue;CLI1110
#50108;13/02/2024;Mochila;Moda;2;584,15;44,73;1.213,03;RJ;Enviado;CLI1351
#50109;02/06/2024;Camiseta;Moda;3;204,46;15,16;628,54;RS;Entregue;CLI1135
#50110;21/09/2024;Smartwatch;Eletrônicos;1;454,69;36,98;491,67;BA;Enviado;CLI1252
#50111;30/07/2024;Garrafa;Esporte;2;594,31;7,71;1.196,33;MG;Entregue;CLI1313
#50112;21/10/2024;Hidratante;Beleza;1;335,82;27,26;363,08;CE;Cancelado;CLI1383
#50113;03/08/2024;Carregador turbo;Eletrônicos;2;526,30;14,03;1.066,63;PE;Entregue;CLI1204
#50114;08/04/2024;Luminária;Casa;1;555,55;28,44;583,99;PE;Entregue;CLI1053
#50115;28/07/2024;Tênis;Moda;1;347,92;11,27;359,19;PE;Cancelado;CLI1009
#50116;30/04/2024;Garrafa;Esporte;1;447,67;26,45;474,12;CE;Enviado;CLI1247
#50117;26/07/2024;Tapete de yoga;Esporte;1;333,30;10,56;343,86;RS;Entregue;CLI1233
#50118;01/11/2024;Mochila;Moda;3;89,16;34,52;302,00;SP;Entregue;CLI1347
#50119;11/12/2024;Smartwatch;Eletrônicos;1;179,67;40,40;220,07;MG;Cancelado;CLI1398
#50120;05/07/2024;Carregador turbo;Eletrônicos;2;277,68;12,47;567,83;MG;Cancelado;CLI1359
#50121;17/03/2024;Carregador turbo;Eletrônicos;1;240,91;17,59;258,50;SC;Enviado;CLI1316
#50122;21/11/2024;Mochila;Moda;1;569,47;37,36;606,83;PR;Cancelado;CLI1063
#50123;29/10/2024;Toalha;Casa;3;71,48;17,03;231,47;RJ;Entregue;CLI1328
#50124;29/05/2024;Luminária;Casa;3;154,99;16,81;481,78;GO;Entregue;CLI1396
#50125;29/02/2024;Jogo de panelas;Casa;2;300,24;25,08;625,56;RS;Entregue;CLI1141
#50126;24/11/2024;Hidratante;Beleza;3;195,84;23,76;611,28;RS;Entregue;CLI1274
#50127;29/09/2024;Jogo de panelas;Casa;1;98,12;43,84;141,96;CE;Enviado;CLI1380
#50128;01/03/2024;Garrafa;Esporte;3;399,67;25,96;1.224,97;GO;Enviado;CLI1166
#50129;01/06/2024;Fone sem fio;Eletrônicos;1;213,35;12,99;226,34;PR;Entregue;CLI1115
#50130;20/04/2024;Carregador turbo;Eletrônicos;2;246,88;11,84;505,60;MG;Enviado;CLI1055
#50131;09/05/2024;Garrafa;Esporte;3;398,10;20,69;1.214,99;PE;Entregue;CLI1305
#50132;28/05/2024;Tapete de yoga;Esporte;1;367,83;15,44;383,27;SP;Cancelado;CLI1374
#50133;17/01/2024;Tênis;Moda;1;338,33;26,38;364,71;SC;Entregue;CLI1078
#50134;09/01/2024;Garrafa;Esporte;1;118,20;7,13;125,33;BA;Entregue;CLI1129
#50135;29/03/2024;Tênis;Moda;3;501,46;30,51;1.534,89;PE;Cancelado;CLI1022
#50136;08/09/2024;Camiseta;Moda;3;256,18;7,29;775,83;MG;Enviado;CLI1390
#50137;29/09/2024;Perfume;Beleza;2;466,86;27,26;960,98;MG;Entregue;CLI1193
#50138;07/11/2024;Luminária;Casa;2;89,01;6,82;184,84;SP;Entregue;CLI1391
#50139;24/09/2024;Perfume;Beleza;3;59,05;2,51;179,66;CE;Entregue;CLI1026
#50140;11/04/2024;Fone sem fio;Eletrônicos;1;139,64;17,79;157,43;RJ;Enviado;CLI1162
#50141;24/10/2024;Tapete de yoga;Esporte;2;471,31;18,45;961,07;RJ;Entregue;CLI1249
#50142;07/08/2024;Smartwatch;Eletrônicos;2;160,61;9,81;331,03;PR;Entregue;CLI1088
#50143;01/02/2024;Tapete de yoga;Esporte;1;278,29;8,20;286,49;MG;Enviado;CLI1136
#50144;23/05/2024;Tênis;Moda;2;352,12;8,08;712,32;GO;Enviado;CLI1094
#50145;23/09/2024;Perfume;Beleza;2;572,66;37,32;1.182,64;RJ;Entregue;CLI1104
#50146;01/03/2024;Smartwatch;Eletrônicos;2;406,80;1,57;815,17;SC;Entregue;CLI1398
#50147;04/04/2024;Toalha;Casa;1;291,38;21,17;312,55;CE;Cancelado;CLI1160
#50148;26/10/2024;Jogo de panelas;Casa;2;273,21;42,59;589,01;SC;Cancelado;CLI1244
#50149;15/02/2024;Garrafa;Esporte;2;114,73;41,85;271,31;GO;Enviado;CLI1380
#50150;05/11/2024;Tênis;Moda;2;247,16;32,20;526,52;GO;Cancelado;CLI1316
#50151;26/11/2024;Camiseta;Moda;1;421,94;27,93;449,87;RS;Entregue;CLI1362
#50152;16/02/2024;Perfume;Beleza;3;510,20;30,45;1.561,05;MG;Cancelado;CLI1081
#50153;24/11/2024;Toalha;Casa;3;256,05;24,96;793,11;PR;Enviado;CLI1097
#50154;21/09/2024;Carregador turbo;Eletrônicos;2;300,35;16,72;617,42;GO;Cancelado;CLI1276
#50155;15/04/2024;Carregador turbo;Eletrônicos;1;187,25;19,81;207,06;RJ;Enviado;CLI1217
#50156;26/11/2024;Fone sem fio;Eletrônicos;1;152,59;4,56;157,15;PR;Cancelado;CLI1027
#50157;22/10/2024;Tapete de yoga;Esporte;1;355,85;6,81;362,66;MG;Enviado;CLI1317
#50158;13/11/2024;Fone sem fio;Eletrônicos;3;381,48;31,97;1.176,41;MG;Enviado;CLI1167
#50159;05/09/2024;Camiseta;Moda;3;455,45;41,75;1.408,10;PE;Entregue;CLI1321
#50160;29/03/2024;Tapete de yoga;Esporte;3;58,81;20,09;196,52;SP;Cancelado;CLI1091
#50161;19/05/2024;Fone sem fio;Eletrônicos;1;497,15;42,53;539,68;PE;Entregue;CLI1031
#50162;25/03/2024;Smartwatch;Eletrônicos;2;400,90;36,09;837,89;SC;Cancelado;CLI1039
#50163;06/06/2024;Tapete de yoga;Esporte;3;144,52;19,04;452,60;RJ;Enviado;CLI1085
#50164;10/03/2024;Carregador turbo;Eletrônicos;1;567,19;35,43;602,62;BA;Entregue;CLI1062
#50165;18/09/2024;Perfume;Beleza;1;255,87;34,97;290,84;RJ;Entregue;CLI1319
#50166;23/04/2024;Garrafa;Esporte;2;44,98;34,00;123,96;SP;Entregue;CLI1040
#50167;06/01/2024;Jogo de panelas;Casa;1;501,02;24,80;525,82;RS;Enviado;CLI1054
#50168;02/05/2024;Camiseta;Moda;1;306,99;8,46;315,45;RS;Entregue;CLI1326
#50169;25/09/2024;Smartwatch;Eletrônicos;1;326,41;3,53;329,94;SC;Entregue;CLI1315
#50170;22/06/2024;Hidratante;Beleza;1;370,88;43,52;414,40;PE;Cancelado;CLI1206
#50171;18/07/2024;Tênis;Moda;1;590,52;15,98;606,50;PE;Entregue;CLI1047
#50172;03/05/2024;Jogo de panelas;Casa;2;103,18;23,56;229,92;RS;Entregue;CLI1205
#50173;13/07/2024;Garrafa;Esporte;3;541,49;9,17;1.633,64;GO;Entregue;CLI1359
#50174;04/04/2024;Hidratante;Beleza;2;528,33;31,19;1.087,85;RS;Cancelado;CLI1257
#50175;05/02/2024;Hidratante;Beleza;3;442,31;3,91;1.330,84;MG;Entregue;CLI1194
#50176;18/05/2024;Garrafa;Esporte;2;131,53;6,31;269,37;RS;Entregue;CLI1040
#50177;12/08/2024;Jogo de panelas;Casa;1;458,02;32,65;490,67;SP;Entregue;CLI1196
#50178;10/05/2024;Tapete de yoga;Esporte;3;104,42;0,51;313,77;BA;Cancelado;CLI1390
#50179;28/02/2024;Jogo de panelas;Casa;1;237,90;35,13;273,03;GO;Entregue;CLI1083
#50180;07/01/2024;Toalha;Casa;2;173,00;1,67;347,67;RJ;Entregue;CLI1236
#50181;14/02/2024;Carregador turbo;Eletrônicos;2;552,81;10,67;1.116,29;GO;Enviado;CLI1098
#50182;12/02/2024;Carregador turbo;Eletrônicos;1;387,68;3,50;391,18;SC;Enviado;CLI1165
#50183;16/10/2024;Mochila;Moda;3;27,99;41,93;125,90;GO;Enviado;CLI1143
#50184;15/06/2024;Garrafa;Esporte;3;102,56;8,72;316,40;PE;Enviado;CLI1258
#50185;03/08/2024;Carregador turbo;Eletrônicos;2;313,51;27,38;654,40;SC;Cancelado;CLI1254
#50186;30/09/2024;Tênis;Moda;1;378,62;8,64;387,26;MG;Entregue;CLI1059
#50187;24/08/2024;Jogo de panelas;Casa;2;490,14;31,65;1.011,93;SC;Enviado;CLI1281
#50188;10/07/2024;Perfume;Beleza;2;154,63;39,26;348,52;SP;Entregue;CLI1220
#50189;03/01/2024;Toalha;Casa;1;550,58;25,24;575,82;CE;Cancelado;CLI1065
#50190;06/02/2024;Perfume;Beleza;1;562,92;6,97;569,89;MG;Entregue;CLI1365
#50191;25/01/2024;Fone sem fio;Eletrônicos;2;543,29;16,81;1.103,39;SC;Enviado;CLI1308
#50192;18/08/2024;Perfume;Beleza;1;359,23;0,55;359,78;BA;Cancelado;CLI1287
#50193;25/12/2024;Mochila;Moda;1;170,47;16,11;186,58;SC;Enviado;CLI1274
#50194;04/12/2024;Smartwatch;Eletrônicos;2;147,65;11,78;307,08;RS;Entregue;CLI1194
#50195;15/01/2024;Garrafa;Esporte;1;580,40;6,35;586,75;SC;Entregue;CLI1205
#50196;09/03/2024;Jogo de panelas;Casa;3;275,29;12,98;838,85;SC;Cancelado;CLI1040
#50197;10/02/2024;Mochila;Moda;2;176,23;20,70;373,16;CE;Enviado;CLI1168
#50198;21/03/2024;Tapete de yoga;Esporte;3;584,69;43,97;1.798,04;CE;Entregue;CLI1177
#50199;03/06/2024;Toalha;Casa;3;376,75;23,00;1.153,25;SC;Cancelado;CLI1171
#50200;01/02/2024;Luminária;Casa;1;466,17;33,50;499,67;SP;Cancelado;CLI1040
#50201;25/10/2024;Fone sem fio;Eletrônicos;2;105,89;6,63;218,41;BA;Cancelado;CLI1254
#50202;09/02/2024;Hidratante;Beleza;1;587,21;7,29;594,50;SC;Enviado;CLI1140
#50203;19/07/2024;Camiseta;Moda;2;269,71;21,83;561,25;GO;Entregue;CLI1285
#50204;24/09/2024;Mochila;Moda;1;179,01;38,40;217,41;MG;Cancelado;CLI1365
#50205;12/11/2024;Fone sem fio;Eletrônicos;1;479,50;26,18;505,68;RS;Enviado;CLI1292
#50206;21/03/2024;Tênis;Moda;2;406,12;29,49;841,73;SP;Enviado;CLI1240
#50207;21/10/2024;Luminária;Casa;1;127,49;40,60;168,09;CE;Entregue;CLI1305
#50208;05/01/2024;Jogo de panelas;Casa;1;592,80;25,65;618,45;RJ;Entregue;CLI1083
#50209;14/07/2024;Toalha;Casa;3;39,69;13,23;132,30;BA;Cancelado;CLI1130
#50210;13/03/2024;Hidratante;Beleza;1;59,48;21,01;80,49;GO;Entregue;CLI1148
#50211;26/06/2024;Jogo de panelas;Casa;3;174,16;19,49;541,97;BA;Cancelado;CLI1388
#50212;18/11/2024;Luminária;Casa;2;591,60;3,56;1.186,76;RS;Enviado;CLI1336
#50213;01/09/2024;Smartwatch;Eletrônicos;1;344,56;41,42;385,98;PR;Enviado;CLI1167
#50214;20/06/2024;Fone sem fio;Eletrônicos;3;579,88;0,39;1.740,03;CE;Entregue;CLI1365
#50215;03/01/2024;Garrafa;Esporte;1;374,23;19,92;394,15;GO;Entregue;CLI1013
#50216;24/02/2024;Tapete de yoga;Esporte;2;409,26;38,79;857,31;CE;Cancelado;CLI1282
#50217;20/07/2024;Hidratante;Beleza;1;568,62;23,15;591,77;BA;Cancelado;CLI1244
#50218;20/02/2024;Smartwatch;Eletrônicos;1;584,91;15,50;600,41;PR;Enviado;CLI1315
#50219;06/07/2024;Hidratante;Beleza;1;480,90;42,55;523,45;PR;Cancelado;CLI1009
#50220;18/10/2024;Mochila;Moda;3;573,84;15,39;1.736,91;MG;Enviado;CLI1309
#50221;01/08/2024;Garrafa;Esporte;3;136,08;11,71;419,95;CE;Enviado;CLI1205
#50222;27/08/2024;Tapete de yoga;Esporte;1;216,54;21,95;238,49;MG;Entregue;CLI1322
#50223;22/11/2024;Carregador turbo;Eletrônicos;2;564,22;44,85;1.173,29;RS;Cancelado;CLI1319
#50224;20/05/2024;Tapete de yoga;Esporte;3;78,17;20,69;255,20;RJ;Entregue;CLI1176
#50225;09/11/2024;Camiseta;Moda;3;38,92;36,60;153,36;GO;Enviado;CLI1048
#50226;04/06/2024;Toalha;Casa;1;106,62;28,09;134,71;PR;Entregue;CLI1029
#50227;03/11/2024;Carregador turbo;Eletrônicos;1;420,72;32,47;453,19;SP;Cancelado;CLI1207
#50228;15/09/2024;Tênis;Moda;2;143,63;11,07;298,33;PE;Cancelado;CLI1051
#50229;12/04/2024;Jogo de panelas;Casa;3;372,22;37,28;1.153,94;SP;Cancelado;CLI1017
#50230;19/07/2024;Tapete de yoga;Esporte;2;546,91;38,36;1.132,18;CE;Enviado;CLI1185
#50231;23/01/2024;Tênis;Moda;1;213,70;4,83;218,53;SC;Entregue;CLI1177
#50232;22/03/2024;Luminária;Casa;1;389,61;44,62;434,23;PR;Enviado;CLI1149
#50233;11/05/2024;Luminária;Casa;1;320,73;34,88;355,61;GO;Cancelado;CLI1023
#50234;29/04/2024;Camiseta;Moda;2;112,40;8,26;233,06;SP;Enviado;CLI1379
#50235;17/10/2024;Tapete de yoga;Esporte;2;596,78;28,72;1.222,28;BA;Enviado;CLI1215
#50236;14/12/2024;Perfume;Beleza;2;223,54;17,43;464,51;CE;Entregue;CLI1342
#50237;21/10/2024;Hidratante;Beleza;1;333,00;14,46;347,46;RJ;Entregue;CLI1037
#50238;07/06/2024;Garrafa;Esporte;1;479,51;18,56;498,07;GO;Enviado;CLI1335
#50239;01/04/2024;Toalha;Casa;2;428,63;24,56;881,82;RJ;Entregue;CLI1318
#50240;13/01/2024;Smartwatch;Eletrônicos;3;556,82;19,82;1.690,28;BA;Entregue;CLI1296
#50241;29/01/2024;Smartwatch;Eletrônicos;3;85,74;38,60;295,82;RS;Enviado;CLI1139
#50242;11/08/2024;Garrafa;Esporte;3;47,23;24,99;166,68;SC;Cancelado;CLI1044
#50243;27/04/2024;Smartwatch;Eletrônicos;1;265,62;11,59;277,21;PE;Cancelado;CLI1055
#50244;15/05/2024;Perfume;Beleza;3;515,39;38,70;1.584,87;PR;Cancelado;CLI1267
#50245;11/11/2024;Camiseta;Moda;2;320,48;2,72;643,68;BA;Entregue;CLI1023
#50246;21/05/2024;Hidratante;Beleza;1;296,19;31,03;327,22;RS;Enviado;CLI1304
#50247;02/07/2024;Fone sem fio;Eletrônicos;3;533,81;30,62;1.632,05;SP;Entregue;CLI1024
#50248;02/05/2024;Camiseta;Moda;1;212,94;11,57;224,51;CE;Entregue;CLI1115
#50249;04/07/2024;Fone sem fio;Eletrônicos;1;484,79;38,78;523,57;CE;Cancelado;CLI1188
#50250;16/06/2024;Hidratante;Beleza;1;545,15;18,99;564,14;MG;Enviado;CLI1111
#50251;28/05/2024;Fone sem fio;Eletrônicos;2;26,55;7,90;61,00;SP;Entregue;CLI1366
#50252;14/03/2024;Fone sem fio;Eletrônicos;3;198,37;38,87;633,98;PE;Entregue;CLI1375
#50253;13/11/2024;Luminária;Casa;1;255,91;27,68;283,59;RS;Cancelado;CLI1242
#50254;01/03/2024;Toalha;Casa;2;177,27;44,00;398,54;BA;Enviado;CLI1051
#50255;24/01/2024;Garrafa;Esporte;1;546,29;21,10;567,39;PR;Entregue;CLI1292
#50256;08/07/2024;Tapete de yoga;Esporte;3;87,17;44,01;305,52;MG;Enviado;CLI1328
#50257;13/05/2024;Garrafa;Esporte;1;506,27;12,45;518,72;RS;Entregue;CLI1050
#50258;11/05/2024;Jogo de panelas;Casa;1;46,28;32,51;78,79;CE;Entregue;CLI1070
#50259;13/01/2024;Jogo de panelas;Casa;1;330,19;4,16;334,35;MG;Entregue;CLI1395
#50260;11/07/2024;Tênis;Moda;2;559,47;5,13;1.124,07;MG;Entregue;CLI1151
#50261;12/04/2024;Smartwatch;Eletrônicos;1;32,14;43,78;75,92;PR;Cancelado;CLI1049
#50262;21/02/2024;Toalha;Casa;3;131,90;42,71;438,41;RS;Enviado;CLI1095
#50263;01/08/2024;Perfume;Beleza;1;490,84;34,82;525,66;PR;Enviado;CLI1281
#50264;11/08/2024;Carregador turbo;Eletrônicos;1;578,52;14,07;592,59;PR;Cancelado;CLI1299
#50265;12/04/2024;Perfume;Beleza;1;253,86;7,05;260,91;PE;Cancelado;CLI1337
#50266;05/09/2024;Camiseta;Moda;3;529,92;0,71;1.590,47;SC;Enviado;CLI1222
#50267;18/05/2024;Camiseta;Moda;2;92,51;22,90;207,92;SP;Enviado;CLI1369
#50268;07/05/2024;Jogo de panelas;Casa;1;169,07;38,65;207,72;SC;Entregue;CLI1178
#50269;30/08/2024;Tapete de yoga;Esporte;1;91,11;10,11;101,22;RS;Enviado;CLI1063
#50270;11/01/2024;Toalha;Casa;2;290,99;26,79;608,77;BA;Entregue;CLI1104
#50271;25/01/2024;Carregador turbo;Eletrônicos;2;311,57;41,91;665,05;GO;Entregue;CLI1002
#50272;21/03/2024;Mochila;Moda;1;331,22;23,94;355,16;RJ;Entregue;CLI1255
#50273;23/01/2024;Tapete de yoga;Esporte;1;357,88;33,61;391,49;CE;Cancelado;CLI1040
#50274;24/12/2024;Fone sem fio;Eletrônicos;1;366,77;20,48;387,25;SP;Enviado;CLI1069
#50275;14/09/2024;Garrafa;Esporte;3;430,24;27,15;1.317,87;SP;Cancelado;CLI1027
#50276;29/10/2024;Perfume;Beleza;3;574,56;40,44;1.764,12;BA;Enviado;CLI1315
#50277;01/04/2024;Toalha;Casa;1;48,91;7,03;55,94;GO;Entregue;CLI1152
#50278;21/12/2024;Garrafa;Esporte;1;475,32;18,88;494,20;CE;Entregue;CLI1166
#50279;08/08/2024;Camiseta;Moda;1;261,09;30,88;291,97;BA;Entregue;CLI1220
#50280;17/02/2024;Fone sem fio;Eletrônicos;1;308,22;22,64;330,86;MG;Cancelado;CLI1067
#50281;07/01/2024;Fone sem fio;Eletrônicos;1;144,73;39,32;184,05;GO;Cancelado;CLI1320
#50282;23/09/2024;Perfume;Beleza;3;372,81;37,27;1.155,70;BA;Entregue;CLI1097
#50283;17/07/2024;Luminária;Casa;1;593,93;5,44;599,37;GO;Cancelado;CLI1255
#50284;23/02/2024;Toalha;Casa;1;294,43;8,13;302,56;PR;Entregue;CLI1320
#50285;19/07/2024;Tênis;Moda;1;394,05;1,81;395,86;GO;Enviado;CLI1076
#50286;01/02/2024;Garrafa;Esporte;1;130,97;3,63;134,60;RJ;Enviado;CLI1293
#50287;16/09/2024;Tapete de yoga;Esporte;2;151,32;42,50;345,14;RJ;Enviado;CLI1038
#50288;11/02/2024;Garrafa;Esporte;3;391,78;32,53;1.207,87;BA;Entregue;CLI1029
#50289;21/08/2024;Camiseta;Moda;1;202,24;5,05;207,29;BA;Entregue;CLI1163
#50290;02/07/2024;Toalha;Casa;3;96,19;6,51;295,08;MG;Enviado;CLI1342
#50291;09/05/2024;Jogo de panelas;Casa;1;540,67;23,53;564,20;RJ;Cancelado;CLI1149
#50292;29/08/2024;Fone sem fio;Eletrônicos;1;352,80;17,84;370,64;RS;Cancelado;CLI1353
#50293;14/08/2024;Smartwatch;Eletrônicos;1;503,24;21,72;524,96;RS;Entregue;CLI1072
#50294;15/07/2024;Luminária;Casa;3;194,40;10,53;593,73;RS;Enviado;CLI1127
#50295;11/02/2024;Smartwatch;Eletrônicos;3;424,31;23,62;1.296,55;RS;Entregue;CLI1103
#50296;23/06/2024;Camiseta;Moda;1;151,95;8,47;160,42;SC;Cancelado;CLI1270
#50297;29/01/2024;Perfume;Beleza;3;221,63;29,52;694,41;MG;Cancelado;CLI1210
#50298;28/01/2024;Garrafa;Esporte;1;313,66;1,79;315,45;PR;Entregue;CLI1346
#50299;20/04/2024;Garrafa;Esporte;1;501,95;27,22;529,17;SC;Entregue;CLI1203
#50300;03/09/2024;Fone sem fio;Eletrônicos;3;299,78;23,51;922,85;GO;Enviado;CLI1367
#50301;07/04/2024;Tênis;Moda;1;598,35;23,51;621,86;BA;Entregue;CLI1166
#50302;24/11/2024;Camiseta;Moda;2;506,84;10,51;1.024,19;BA;Entregue;CLI1147
#50303;05/07/2024;Tênis;Moda;1;545,12;39,99;585,11;CE;Entregue;CLI1369
#50304;24/02/2024;Carregador turbo;Eletrônicos;3;435,93;42,04;1.349,83;GO;Entregue;CLI1356
#50305;02/12/2024;Mochila;Moda;1;382,89;24,54;407,43;SP;Enviado;CLI1213
#50306;23/10/2024;Smartwatch;Eletrônicos;1;306,72;4,99;311,71;GO;Enviado;CLI1009
#50307;16/08/2024;Jogo de panelas;Casa;2;396,06;16,58;808,70;CE;Entregue;CLI1239
#50308;17/06/2024;Hidratante;Beleza;2;471,37;28,30;971,04;PR;Cancelado;CLI1016
#50309;29/06/2024;Camiseta;Moda;2;486,77;28,10;1.001,64;RJ;Entregue;CLI1050
#50310;19/01/2024;Fone sem fio;Eletrônicos;2;238,80;25,84;503,44;GO;Enviado;CLI1228
#50311;13/08/2024;Tênis;Moda;2;62,88;15,60;141,36;RS;Entregue;CLI1343
#50312;26/11/2024;Perfume;Beleza;3;431,76;25,62;1.320,90;SP;Entregue;CLI1170
#50313;28/06/2024;Camiseta;Moda;3;34,80;35,95;140,35;MG;Cancelado;CLI1221
#50314;03/09/2024;Fone sem fio;Eletrônicos;3;89,76;32,91;302,19;SC;Entregue;CLI1215
#50315;17/04/2024;Hidratante;Beleza;3;128,91;43,72;430,45;BA;Entregue;CLI1357
#50316;04/04/2024;Tênis;Moda;3;535,16;34,47;1.639,95;BA;Enviado;CLI1034
#50317;20/07/2024;Perfume;Beleza;1;233,44;41,21;274,65;PR;Enviado;CLI1125
#50318;02/02/2024;Hidratante;Beleza;3;351,53;8,86;1.063,45;RS;Entregue;CLI1107
#50319;31/05/2024;Carregador turbo;Eletrônicos;3;295,97;21,59;909,50;RS;Entregue;CLI1113
#50320;01/02/2024;Camiseta;Moda;2;597,43;3,15;1.198,01;BA;Entregue;CLI1258
#50321;09/09/2024;Garrafa;Esporte;2;99,87;19,60;219,34;PE;Cancelado;CLI1046
#50322;07/06/2024;Jogo de panelas;Casa;1;395,27;31,90;427,17;SC;Enviado;CLI1392
#50323;27/11/2024;Camiseta;Moda;1;279,01;43,73;322,74;BA;Cancelado;CLI1399
#50324;11/10/2024;Perfume;Beleza;2;150,82;27,30;328,94;RS;Entregue;CLI1399
#50325;12/07/2024;Fone sem fio;Eletrônicos;2;47,90;39,92;135,72;RJ;Entregue;CLI1027
#50326;23/01/2024;Fone sem fio;Eletrônicos;3;422,18;27,10;1.293,64;PE;Cancelado;CLI1390
#50327;11/08/2024;Hidratante;Beleza;3;475,38;30,97;1.457,11;RJ;Enviado;CLI1396
#50328;05/04/2024;Mochila;Moda;2;391,73;39,37;822,83;CE;Enviado;CLI1070
#50329;21/08/2024;Smartwatch;Eletrônicos;3;268,80;19,94;826,34;RS;Entregue;CLI1060
#50330;23/10/2024;Smartwatch;Eletrônicos;3;190,09;21,37;591,64;MG;Enviado;CLI1031
#50331;24/07/2024;Garrafa;Esporte;1;36,24;4,25;40,49;CE;Enviado;CLI1143
#50332;29/09/2024;Luminária;Casa;3;453,48;15,80;1.376,24;PE;Enviado;CLI1353
#50333;08/03/2024;Garrafa;Esporte;1;235,89;16,97;252,86;SP;Cancelado;CLI1170
#50334;08/08/2024;Perfume;Beleza;1;346,03;22,08;368,11;PE;Enviado;CLI1290
#50335;21/03/2024;Mochila;Moda;2;71,67;39,54;182,88;RS;Cancelado;CLI1016
#50336;24/04/2024;Tênis;Moda;2;371,86;30,91;774,63;PR;Cancelado;CLI1114
#50337;19/09/2024;Camiseta;Moda;1;107,38;42,61;149,99;GO;Enviado;CLI1052
#50338;27/07/2024;Garrafa;Esporte;3;161,26;1,84;485,62;RS;Enviado;CLI1173
#50339;15/01/2024;Tapete de yoga;Esporte;2;208,81;44,72;462,34;SC;Enviado;CLI1167
#50340;15/11/2024;Carregador turbo;Eletrônicos;1;229,39;23,66;253,05;PR;Entregue;CLI1081
#50341;01/07/2024;Mochila;Moda;2;107,37;31,28;246,02;GO;Cancelado;CLI1049
#50342;19/09/2024;Carregador turbo;Eletrônicos;2;140,95;29,97;311,87;SC;Entregue;CLI1150
#50343;09/04/2024;Luminária;Casa;2;299,08;3,40;601,56;CE;Entregue;CLI1175
#50344;10/07/2024;Garrafa;Esporte;3;322,98;2,78;971,72;GO;Cancelado;CLI1160
#50345;07/03/2024;Fone sem fio;Eletrônicos;1;193,48;44,26;237,74;BA;Enviado;CLI1177
#50346;23/01/2024;Mochila;Moda;1;218,32;26,66;244,98;MG;Enviado;CLI1210
#50347;11/01/2024;Carregador turbo;Eletrônicos;2;149,34;26,92;325,60;BA;Entregue;CLI1333
#50348;27/10/2024;Garrafa;Esporte;1;379,17;27,44;406,61;RS;Entregue;CLI1024
#50349;22/10/2024;Fone sem fio;Eletrônicos;1;194,16;17,77;211,93;RJ;Entregue;CLI1318
#50350;06/04/2024;Carregador turbo;Eletrônicos;3;533,64;35,24;1.636,16;PE;Entregue;CLI1026
#50351;28/05/2024;Camiseta;Moda;1;419,53;13,68;433,21;PR;Enviado;CLI1188
#50352;02/10/2024;Luminária;Casa;3;108,83;37,42;363,91;SP;Entregue;CLI1140
#50353;30/01/2024;Mochila;Moda;1;332,26;8,40;340,66;MG;Enviado;CLI1136
#50354;17/09/2024;Tênis;Moda;1;170,38;16,40;186,78;SP;Entregue;CLI1147
#50355;08/04/2024;Hidratante;Beleza;1;112,08;38,93;151,01;GO;Entregue;CLI1344
#50356;25/05/2024;Hidratante;Beleza;1;340,49;19,43;359,92;PE;Cancelado;CLI1023
#50357;10/04/2024;Mochila;Moda;2;145,03;27,92;317,98;PR;Enviado;CLI1195
#50358;25/01/2024;Mochila;Moda;1;150,14;35,34;185,48;GO;Enviado;CLI1275
#50359;26/08/2024;Jogo de panelas;Casa;2;355,10;20,99;731,19;MG;Entregue;CLI1311
#50360;13/09/2024;Tapete de yoga;Esporte;1;190,68;14,71;205,39;RS;Enviado;CLI1000
#50361;29/10/2024;Perfume;Beleza;2;101,97;23,46;227,40;GO;Entregue;CLI1049
#50362;15/11/2024;Hidratante;Beleza;3;51,35;31,98;186,03;GO;Entregue;CLI1119
#50363;15/06/2024;Carregador turbo;Eletrônicos;2;53,33;20,42;127,08;PE;Cancelado;CLI1259
#50364;22/10/2024;Fone sem fio;Eletrônicos;1;583,20;43,08;626,28;GO;Entregue;CLI1110
#50365;20/09/2024;Jogo de panelas;Casa;3;188,07;28,81;593,02;RJ;Enviado;CLI1247
#50366;08/09/2024;Perfume;Beleza;2;551,40;8,73;1.111,53;GO;Enviado;CLI1186
#50367;24/06/2024;Tapete de yoga;Esporte;2;165,83;42,94;374,60;SP;Entregue;CLI1026
#50368;18/09/2024;Tênis;Moda;3;557,73;33,12;1.706,31;SP;Entregue;CLI1168
#50369;14/08/2024;Tapete de yoga;Esporte;3;568,24;29,20;1.733,92;GO;Cancelado;CLI1353
#50370;21/10/2024;Luminária;Casa;3;57,97;31,53;205,44;GO;Entregue;CLI1096
#50371;10/04/2024;Smartwatch;Eletrônicos;1;545,25;19,91;565,16;RS;Cancelado;CLI1367
#50372;23/07/2024;Tapete de yoga;Esporte;3;82,43;3,34;250,63;SC;Entregue;CLI1371
#50373;28/07/2024;Perfume;Beleza;1;334,79;6,57;341,36;CE;Entregue;CLI1106
#50374;06/05/2024;Jogo de panelas;Casa;2;51,15;5,94;108,24;PE;Entregue;CLI1047
#50375;20/04/2024;Mochila;Moda;1;406,13;25,39;431,52;PE;Enviado;CLI1097
#50376;23/01/2024;Tapete de yoga;Esporte;1;549,71;13,83;563,54;RS;Entregue;CLI1322
#50377;09/01/2024;Tênis;Moda;3;53,12;5,88;165,24;GO;Enviado;CLI1301
#50378;04/10/2024;Garrafa;Esporte;3;467,36;9,72;1.411,80;SC;Entregue;CLI1349
#50379;01/05/2024;Carregador turbo;Eletrônicos;1;393,45;30,96;424,41;RS;Enviado;CLI1047
#50380;21/11/2024;Tênis;Moda;2;563,61;25,01;1.152,23;PR;Entregue;CLI1399
#50381;31/05/2024;Tênis;Moda;2;555,91;3,32;1.115,14;SP;Entregue;CLI1179
#50382;05/12/2024;Carregador turbo;Eletrônicos;1;196,35;7,19;203,54;MG;Entregue;CLI1247
#50383;14/05/2024;Tênis;Moda;1;351,32;18,32;369,64;PR;Entregue;CLI1115
#50384;12/01/2024;Mochila;Moda;1;568,91;43,37;612,28;SC;Enviado;CLI1267
#50385;27/11/2024;Tênis;Moda;1;531,01;20,17;551,18;RJ;Enviado;CLI1173
#50386;08/05/2024;Tênis;Moda;1;553,84;44,77;598,61;SP;Cancelado;CLI1201
#50387;22/10/2024;Garrafa;Esporte;3;236,88;18,99;729,63;GO;Enviado;CLI1074
#50388;16/03/2024;Jogo de panelas;Casa;2;184,99;31,04;401,02;RS;Entregue;CLI1153
#50389;15/03/2024;Carregador turbo;Eletrônicos;1;46,85;12,42;59,27;BA;Entregue;CLI1039
#50390;04/01/2024;Camiseta;Moda;3;230,29;33,82;724,69;CE;Entregue;CLI1188
#50391;19/02/2024;Tapete de yoga;Esporte;1;74,82;2,50;77,32;CE;Cancelado;CLI1074
#50392;21/09/2024;Luminária;Casa;3;490,87;33,60;1.506,21;PE;Cancelado;CLI1178
#50393;18/07/2024;Fone sem fio;Eletrônicos;1;176,07;31,52;207,59;CE;Entregue;CLI1245
#50394;28/08/2024;Toalha;Casa;2;129,60;38,39;297,59;GO;Entregue;CLI1149
#50395;28/08/2024;Garrafa;Esporte;1;156,60;10,16;166,76;GO;Entregue;CLI1191
#50396;14/05/2024;Toalha;Casa;2;211,42;22,92;445,76;SP;Entregue;CLI1014
#50397;09/11/2024;Toalha;Casa;2;541,15;26,98;1.109,28;RS;Enviado;CLI1227
#50398;13/10/2024;Fone sem fio;Eletrônicos;2;37,21;22,11;96,53;MG;Entregue;CLI1070
#50399;28/07/2024;Smartwatch;Eletrônicos;3;452,14;35,83;1.392,25;BA;Enviado;CLI1169
#50400;27/06/2024;Hidratante;Beleza;2;110,50;2,93;223,93;RS;Entregue;CLI1092
#50401;18/07/2024;Fone sem fio;Eletrônicos;2;240,70;17,92;499,32;GO;Cancelado;CLI1272
#50402;31/05/2024;Carregador turbo;Eletrônicos;1;422,72;43,88;466,60;RJ;Entregue;CLI1036
#50403;13/01/2024;Mochila;Moda;1;257,08;39,00;296,08;MG;Cancelado;CLI1162
#50404;01/11/2024;Jogo de panelas;Casa;1;472,40;4,97;477,37;GO;Entregue;CLI1042
#50405;14/04/2024;Fone sem fio;Eletrônicos;1;171,16;18,21;189,37;PR;Entregue;CLI1269
#50406;13/07/2024;Camiseta;Moda;1;242,51;39,71;282,22;PR;Entregue;CLI1318
#50407;25/10/2024;Luminária;Casa;1;167,19;23,80;190,99;GO;Enviado;CLI1400
#50408;02/01/2024;Tapete de yoga;Esporte;2;121,65;31,18;274,48;MG;Cancelado;CLI1400
#50409;07/02/2024;Jogo de panelas;Casa;2;265,18;1,82;532,18;RJ;Cancelado;CLI1246
#50410;02/04/2024;Garrafa;Esporte;1;55,22;15,69;70,91;PR;Entregue;CLI1280
#50411;01/09/2024;Mochila;Moda;1;525,09;22,10;547,19;PE;Entregue;CLI1313
#50412;30/03/2024;Tênis;Moda;3;104,22;29,12;341,78;SC;Entregue;CLI1390
#50413;13/01/2024;Perfume;Beleza;2;539,07;12,99;1.091,13;PR;Entregue;CLI1109
#50414;10/01/2024;Mochila;Moda;2;427,17;19,63;873,97;PR;Cancelado;CLI1097
#50415;17/03/2024;Hidratante;Beleza;2;363,57;30,52;757,66;SP;Entregue;CLI1055
#50416;04/10/2024;Toalha;Casa;2;54,39;20,45;129,23;BA;Entregue;CLI1119
#50417;22/07/2024;Jogo de panelas;Casa;3;122,05;4,36;370,51;MG;Entregue;CLI1256
#50418;02/05/2024;Carregador turbo;Eletrônicos;2;25,84;0,19;51,87;CE;Cancelado;CLI1083
#50419;07/09/2024;Perfume;Beleza;2;247,03;40,72;534,78;MG;Entregue;CLI1085
#50420;22/07/2024;Camiseta;Moda;3;326,12;14,36;992,72;MG;Entregue;CLI1190
#50421;09/04/2024;Toalha;Casa;1;335,68;34,23;369,91;MG;Enviado;CLI1351
#50422;10/03/2024;Tênis;Moda;2;495,63;38,69;1.029,95;PR;Entregue;CLI1192
#50423;10/05/2024;Fone sem fio;Eletrônicos;3;249,55;1,73;750,38;PR;Cancelado;CLI1360
#50424;21/08/2024;Perfume;Beleza;1;288,40;44,89;333,29;SC;Cancelado;CLI1255
#50425;27/04/2024;Tênis;Moda;1;31,35;39,22;70,57;MG;Entregue;CLI1005
#50426;19/06/2024;Tapete de yoga;Esporte;1;360,89;38,67;399,56;GO;Entregue;CLI1377
#50427;08/02/2024;Luminária;Casa;2;582,16;38,34;1.202,66;PE;Enviado;CLI1098
#50428;03/12/2024;Tênis;Moda;1;251,95;10,23;262,18;SC;Entregue;CLI1063
#50429;26/01/2024;Perfume;Beleza;1;112,53;4,70;117,23;GO;Entregue;CLI1321
#50430;31/07/2024;Perfume;Beleza;1;116,63;4,99;121,62;CE;Enviado;CLI1174
#50431;18/10/2024;Fone sem fio;Eletrônicos;1;476,65;17,96;494,61;GO;Entregue;CLI1202
#50432;08/12/2024;Garrafa;Esporte;3;485,69;5,12;1.462,19;PR;Enviado;CLI1174
#50433;02/09/2024;Mochila;Moda;3;521,34;39,91;1.603,93;CE;Enviado;CLI1114
#50434;27/02/2024;Hidratante;Beleza;1;417,04;35,46;452,50;GO;Entregue;CLI1222
#50435;02/01/2024;Tapete de yoga;Esporte;2;187,78;4,41;379,97;CE;Cancelado;CLI1183
#50436;29/05/2024;Garrafa;Esporte;1;258,12;41,56;299,68;CE;Entregue;CLI1176
#50437;26/01/2024;Luminária;Casa;2;431,13;18,41;880,67;GO;Cancelado;CLI1063
#50438;24/03/2024;Garrafa;Esporte;1;249,11;32,81;281,92;RS;Cancelado;CLI1374
#50439;08/08/2024;Jogo de panelas;Casa;3;373,69;24,42;1.145,49;SC;Entregue;CLI1341
#50440;25/03/2024;Mochila;Moda;2;59,60;13,81;133,01;GO;Enviado;CLI1031
#50441;16/10/2024;Tapete de yoga;Esporte;1;165,81;10,57;176,38;CE;Cancelado;CLI1215
#50442;18/09/2024;Jogo de panelas;Casa;1;494,33;9,87;504,20;RS;Cancelado;CLI1328
#50443;14/07/2024;Garrafa;Esporte;1;561,55;39,55;601,10;BA;Entregue;CLI1319
#50444;12/03/2024;Perfume;Beleza;1;85,89;13,54;99,43;GO;Entregue;CLI1384
#50445;11/08/2024;Perfume;Beleza;3;97,05;15,92;307,07;RS;Entregue;CLI1223
#50446;28/10/2024;Hidratante;Beleza;2;294,70;24,01;613,41;CE;Cancelado;CLI1337
#50447;10/02/2024;Garrafa;Esporte;1;470,90;37,84;508,74;SP;Entregue;CLI1336
#50448;02/02/2024;Hidratante;Beleza;3;481,47;20,67;1.465,08;GO;Entregue;CLI1047
#50449;25/07/2024;Perfume;Beleza;2;237,42;18,21;493,05;SP;Enviado;CLI1025
#50450;06/09/2024;Hidratante;Beleza;1;39,25;32,12;71,37;SC;Entregue;CLI1356
#50451;29/10/2024;Perfume;Beleza;1;410,63;32,82;443,45;PE;Entregue;CLI1196
#50452;05/06/2024;Fone sem fio;Eletrônicos;3;221,43;20,35;684,64;RJ;Entregue;CLI1088
#50453;26/10/2024;Toalha;Casa;3;418,31;6,61;1.261,54;BA;Entregue;CLI1285
#50454;22/04/2024;Perfume;Beleza;2;492,14;1,11;985,39;SP;Cancelado;CLI1166
#50455;06/04/2024;Fone sem fio;Eletrônicos;1;177,12;24,51;201,63;RS;Cancelado;CLI1027
#50456;03/07/2024;Carregador turbo;Eletrônicos;1;411,57;23,70;435,27;BA;Enviado;CLI1218
#50457;24/06/2024;Garrafa;Esporte;2;142,06;43,30;327,42;SP;Cancelado;CLI1205
#50458;28/10/2024;Fone sem fio;Eletrônicos;3;352,96;33,40;1.092,28;PE;Enviado;CLI1034
#50459;24/03/2024;Garrafa;Esporte;1;57,12;40,56;97,68;GO;Entregue;CLI1154
#50460;03/10/2024;Garrafa;Esporte;3;337,65;4,98;1.017,93;RJ;Enviado;CLI1030
#50461;09/11/2024;Mochila;Moda;1;148,50;0,79;149,29;SC;Entregue;CLI1319
#50462;22/07/2024;Carregador turbo;Eletrônicos;1;439,90;34,06;473,96;CE;Entregue;CLI1052
#50463;09/11/2024;Garrafa;Esporte;2;295,47;1,31;592,25;PE;Entregue;CLI1255
#50464;15/08/2024;Tapete de yoga;Esporte;3;458,89;36,70;1.413,37;SC;Cancelado;CLI1151
#50465;19/08/2024;Carregador turbo;Eletrônicos;3;194,97;4,76;589,67;SC;Entregue;CLI1383
#50466;17/03/2024;Jogo de panelas;Casa;3;595,72;28,18;1.815,34;PE;Entregue;CLI1090
#50467;05/02/2024;Toalha;Casa;3;75,21;4,75;230,38;BA;Enviado;CLI1017
#50468;28/05/2024;Hidratante;Beleza;2;360,92;37,78;759,62;SC;Enviado;CLI1018
#50469;10/07/2024;Tênis;Moda;3;409,04;36,42;1.263,54;CE;Entregue;CLI1140
#50470;07/08/2024;Tapete de yoga;Esporte;2;472,18;3,58;947,94;PE;Entregue;CLI1136
#50471;10/01/2024;Hidratante;Beleza;2;215,53;23,06;454,12;CE;Entregue;CLI1346
#50472;14/12/2024;Mochila;Moda;3;598,86;34,82;1.831,40;PR;Entregue;CLI1395
#50473;03/10/2024;Toalha;Casa;2;263,11;16,18;542,40;GO;Entregue;CLI1138
#50474;10/03/2024;Mochila;Moda;3;176,09;35,43;563,70;GO;Enviado;CLI1123
#50475;27/03/2024;Tapete de yoga;Esporte;3;473,35;4,47;1.424,52;GO;Enviado;CLI1051
#50476;02/09/2024;Perfume;Beleza;2;450,95;10,88;912,78;RJ;Enviado;CLI1135
#50477;05/02/2024;Jogo de panelas;Casa;1;571,56;25,00;596,56;BA;Cancelado;CLI1313
#50478;05/03/2024;Garrafa;Esporte;2;183,91;14,92;382,74;RJ;Cancelado;CLI1003
#50479;15/03/2024;Luminária;Casa;1;310,23;38,63;348,86;BA;Enviado;CLI1267
#50480;20/01/2024;Luminária;Casa;1;425,53;14,22;439,75;SP;Entregue;CLI1278
#50481;20/11/2024;Jogo de panelas;Casa;2;428,42;19,42;876,26;PR;Cancelado;CLI1238
#50482;02/11/2024;Perfume;Beleza;2;67,12;5,77;140,01;RJ;Entregue;CLI1282
#50483;09/05/2024;Luminária;Casa;1;188,20;22,79;210,99;PE;Entregue;CLI1129
#50484;26/01/2024;Hidratante;Beleza;1;575,47;3,18;578,65;MG;Entregue;CLI1282
#50485;04/06/2024;Smartwatch;Eletrônicos;2;548,72;5,03;1.102,47;MG;Enviado;CLI1298
#50486;23/06/2024;Fone sem fio;Eletrônicos;1;242,71;3,17;245,88;PE;Cancelado;CLI1294
#50487;18/09/2024;Garrafa;Esporte;1;418,76;5,83;424,59;MG;Cancelado;CLI1095
#50488;31/03/2024;Carregador turbo;Eletrônicos;1;571,79;25,16;596,95;CE;Entregue;CLI1124
#50489;02/09/2024;Garrafa;Esporte;1;434,81;4,87;439,68;MG;Enviado;CLI1096
#50490;29/11/2024;Mochila;Moda;1;248,93;6,95;255,88;PR;Entregue;CLI1345
#50491;15/06/2024;Mochila;Moda;1;443,61;6,53;450,14;PR;Entregue;CLI1344
#50492;11/11/2024;Smartwatch;Eletrônicos;3;402,07;1,51;1.207,72;RS;Entregue;CLI1386
#50493;23/09/2024;Perfume;Beleza;1;407,17;18,21;425,38;SC;Cancelado;CLI1305
#50494;17/01/2024;Garrafa;Esporte;3;86,51;38,57;298,10;PE;Entregue;CLI1279
#50495;24/06/2024;Garrafa;Esporte;3;545,25;10,28;1.646,03;PE;Entregue;CLI1033
#50496;14/08/2024;Luminária;Casa;1;465,13;26,27;491,40;PE;Entregue;CLI1301
#50497;10/06/2024;Garrafa;Esporte;3;217,13;42,01;693,40;MG;Entregue;CLI1261
#50498;25/05/2024;Perfume;Beleza;1;194,70;42,26;236,96;GO;Enviado;CLI1136
#50499;24/05/2024;Camiseta;Moda;2;449,68;5,21;904,57;GO;Cancelado;CLI1064
#50500;01/08/2024;Camiseta;Moda;1;507,13;17,07;524,20;GO;Entregue;CLI1221
#50501;12/01/2024;Hidratante;Beleza;2;278,24;20,60;577,08;RJ;Entregue;CLI1114
#50502;24/11/2024;Fone sem fio;Eletrônicos;2;275,77;34,01;585,55;RJ;Entregue;CLI1319
#50503;31/03/2024;Fone sem fio;Eletrônicos;1;462,45;1,25;463,70;SC;Enviado;CLI1200
#50504;05/07/2024;Fone sem fio;Eletrônicos;2;78,47;0,17;157,11;MG;Entregue;CLI1182
#50505;06/04/2024;Tapete de yoga;Esporte;3;292,72;31,70;909,86;RJ;Entregue;CLI1383
#50506;10/09/2024;Toalha;Casa;2;320,19;20,59;660,97;BA;Cancelado;CLI1182
#50507;05/09/2024;Toalha;Casa;2;107,39;28,64;243,42;MG;Enviado;CLI1162
#50508;28/09/2024;Tênis;Moda;1;118,67;10,08;128,75;RJ;Enviado;CLI1395
#50509;23/06/2024;Carregador turbo;Eletrônicos;2;202,63;9,66;414,92;CE;Cancelado;CLI1112
#50510;04/06/2024;Hidratante;Beleza;2;332,07;22,92;687,06;RJ;Enviado;CLI1064
#50511;06/10/2024;Tapete de yoga;Esporte;1;550,24;20,99;571,23;GO;Cancelado;CLI1005
#50512;03/01/2024;Camiseta;Moda;1;21,83;7,74;29,57;PR;Entregue;CLI1398
#50513;23/07/2024;Fone sem fio;Eletrônicos;1;196,91;36,11;233,02;RJ;Entregue;CLI1012
#50514;05/02/2024;Toalha;Casa;2;455,89;15,89;927,67;SC;Entregue;CLI1004
#50515;17/04/2024;Hidratante;Beleza;2;182,33;33,98;398,64;GO;Entregue;CLI1124
#50516;10/09/2024;Perfume;Beleza;2;588,86;16,69;1.194,41;RJ;Entregue;CLI1224
#50517;01/04/2024;Luminária;Casa;3;523,81;31,09;1.602,52;GO;Entregue;CLI1269
#50518;19/10/2024;Fone sem fio;Eletrônicos;3;280,47;38,32;879,73;BA;Enviado;CLI1045
#50519;20/08/2024;Perfume;Beleza;3;93,91;15,76;297,49;PR;Cancelado;CLI1132
#50520;21/07/2024;Toalha;Casa;1;331,43;2,80;334,23;RS;Enviado;CLI1166
#50521;08/07/2024;Tapete de yoga;Esporte;3;149,50;16,66;465,16;SC;Enviado;CLI1185
#50522;04/07/2024;Hidratante;Beleza;2;586,58;40,87;1.214,03;CE;Entregue;CLI1369
#50523;07/07/2024;Luminária;Casa;2;36,27;17,58;90,12;PE;Entregue;CLI1172
#50524;03/10/2024;Perfume;Beleza;1;492,32;30,45;522,77;SC;Entregue;CLI1319
#50525;28/08/2024;Carregador turbo;Eletrônicos;2;529,41;33,45;1.092,27;SP;Enviado;CLI1149
#50526;01/04/2024;Tapete de yoga;Esporte;1;407,53;15,47;423,00;RJ;Cancelado;CLI1315
#50527;12/11/2024;Toalha;Casa;1;39,42;42,95;82,37;RJ;Entregue;CLI1093
#50528;24/06/2024;Perfume;Beleza;3;183,89;40,29;591,96;RJ;Enviado;CLI1343
#50529;06/05/2024;Garrafa;Esporte;1;510,38;3,54;513,92;MG;Entregue;CLI1112
#50530;10/06/2024;Jogo de panelas;Casa;3;221,24;4,47;668,19;SP;Entregue;CLI1199
#50531;18/05/2024;Tênis;Moda;1;598,87;42,36;641,23;PR;Entregue;CLI1051
#50532;22/12/2024;Luminária;Casa;3;77,51;18,68;251,21;RS;Cancelado;CLI1101
#50533;29/11/2024;Tapete de yoga;Esporte;3;303,55;5,24;915,89;PR;Entregue;CLI1274
#50534;26/02/2024;Luminária;Casa;3;58,47;1,50;176,91;SC;Entregue;CLI1006
#50535;04/01/2024;Camiseta;Moda;2;538,20;5,67;1.082,07;MG;Entregue;CLI1298
#50536;30/06/2024;Fone sem fio;Eletrônicos;1;593,05;24,63;617,68;PE;Cancelado;CLI1006
#50537;17/02/2024;Smartwatch;Eletrônicos;2;388,26;2,11;778,63;CE;Cancelado;CLI1306
#50538;08/08/2024;Fone sem fio;Eletrônicos;2;99,53;39,13;238,19;CE;Entregue;CLI1099
#50539;02/12/2024;Tênis;Moda;1;526,67;31,65;558,32;GO;Entregue;CLI1309
#50540;26/02/2024;Perfume;Beleza;1;415,81;43,21;459,02;SP;Entregue;CLI1270
#50541;31/10/2024;Toalha;Casa;2;232,62;25,82;491,06;SC;Enviado;CLI1104
#50542;14/12/2024;Smartwatch;Eletrônicos;1;425,89;23,50;449,39;SP;Entregue;CLI1249
#50543;08/06/2024;Smartwatch;Eletrônicos;3;294,02;37,70;919,76;GO;Cancelado;CLI1290
#50544;30/11/2024;Tapete de yoga;Esporte;3;334,18;4,22;1.006,76;SC;Entregue;CLI1183
#50545;25/10/2024;Jogo de panelas;Casa;3;354,05;4,01;1.066,16;CE;Cancelado;CLI1228
#50546;06/10/2024;Camiseta;Moda;2;541,08;7,22;1.089,38;GO;Cancelado;CLI1356
#50547;18/02/2024;Toalha;Casa;2;152,83;0,66;306,32;GO;Entregue;CLI1153
#50548;14/08/2024;Perfume;Beleza;2;419,73;31,32;870,78;BA;Entregue;CLI1159
#50549;28/08/2024;Jogo de panelas;Casa;1;353,05;31,69;384,74;RS;Entregue;CLI1375
#50550;21/05/2024;Perfume;Beleza;2;84,29;7,27;175,85;RJ;Entregue;CLI1203
#50551;30/03/2024;Tênis;Moda;2;452,39;7,48;912,26;RJ;Cancelado;CLI1229
#50552;27/03/2024;Hidratante;Beleza;1;517,71;35,86;553,57;MG;Enviado;CLI1156
#50553;11/11/2024;Hidratante;Beleza;2;121,58;41,31;284,47;CE;Entregue;CLI1254
#50554;10/06/2024;Carregador turbo;Eletrônicos;3;319,23;15,78;973,47;CE;Enviado;CLI1065
#50555;04/07/2024;Hidratante;Beleza;3;130,14;8,34;398,76;CE;Entregue;CLI1172
#50556;08/07/2024;Perfume;Beleza;1;480,43;22,39;502,82;SP;Cancelado;CLI1015
#50557;12/09/2024;Smartwatch;Eletrônicos;1;295,84;43,68;339,52;PR;Enviado;CLI1065
#50558;17/06/2024;Tapete de yoga;Esporte;1;65,00;5,74;70,74;SC;Enviado;CLI1158
#50559;15/10/2024;Mochila;Moda;1;252,14;9,52;261,66;RS;Entregue;CLI1176
#50560;29/01/2024;Garrafa;Esporte;2;59,29;17,78;136,36;SP;Entregue;CLI1393
#50561;24/09/2024;Camiseta;Moda;1;250,35;2,50;252,85;BA;Entregue;CLI1140
#50562;15/03/2024;Jogo de panelas;Casa;3;393,77;31,62;1.212,93;RJ;Entregue;CLI1082
#50563;21/09/2024;Garrafa;Esporte;3;454,89;27,06;1.391,73;RJ;Entregue;CLI1155
#50564;24/08/2024;Mochila;Moda;3;231,62;38,30;733,16;PR;Enviado;CLI1351
#50565;26/04/2024;Tapete de yoga;Esporte;1;495,27;7,27;502,54;RJ;Entregue;CLI1214
#50566;29/10/2024;Hidratante;Beleza;1;263,83;34,41;298,24;BA;Entregue;CLI1017
#50567;05/02/2024;Mochila;Moda;1;477,85;20,20;498,05;CE;Cancelado;CLI1157
#50568;10/08/2024;Jogo de panelas;Casa;2;574,50;4,16;1.153,16;CE;Entregue;CLI1364
#50569;30/08/2024;Garrafa;Esporte;1;335,33;39,48;374,81;BA;Entregue;CLI1105
#50570;26/02/2024;Toalha;Casa;3;554,06;42,88;1.705,06;SC;Enviado;CLI1056
#50571;02/02/2024;Tênis;Moda;3;79,50;35,61;274,11;MG;Entregue;CLI1374
#50572;29/03/2024;Fone sem fio;Eletrônicos;2;320,39;18,86;659,64;PE;Entregue;CLI1053
#50573;23/07/2024;Toalha;Casa;3;192,16;38,66;615,14;MG;Entregue;CLI1043
#50574;20/04/2024;Jogo de panelas;Casa;3;371,54;16,23;1.130,85;RS;Cancelado;CLI1350
#50575;30/05/2024;Hidratante;Beleza;1;27,62;2,16;29,78;PE;Entregue;CLI1215
#50576;31/05/2024;Fone sem fio;Eletrônicos;1;291,40;29,49;320,89;RJ;Entregue;CLI1184
#50577;01/05/2024;Mochila;Moda;1;564,97;37,63;602,60;RJ;Enviado;CLI1122
#50578;19/04/2024;Tênis;Moda;3;381,88;39,55;1.185,19;SP;Entregue;CLI1047
#50579;07/08/2024;Perfume;Beleza;1;248,89;36,15;285,04;RS;Entregue;CLI1141
#50580;12/01/2024;Hidratante;Beleza;3;339,36;42,12;1.060,20;MG;Entregue;CLI1182
#50581;26/10/2024;Mochila;Moda;1;181,59;2,24;183,83;GO;Entregue;CLI1226
#50582;16/12/2024;Smartwatch;Eletrônicos;1;592,79;18,94;611,73;PR;Cancelado;CLI1074
#50583;01/04/2024;Tapete de yoga;Esporte;1;67,48;22,42;89,90;PR;Entregue;CLI1060
#50584;12/07/2024;Smartwatch;Eletrônicos;1;208,26;0,74;209,00;RJ;Entregue;CLI1073
#50585;24/06/2024;Garrafa;Esporte;3;70,06;16,03;226,21;SC;Cancelado;CLI1038
#50586;09/02/2024;Tapete de yoga;Esporte;1;282,86;2,40;285,26;SC;Entregue;CLI1101
#50587;05/09/2024;Smartwatch;Eletrônicos;1;458,46;39,69;498,15;CE;Entregue;CLI1243
#50588;27/06/2024;Luminária;Casa;2;156,78;29,17;342,73;MG;Entregue;CLI1203
#50589;23/02/2024;Hidratante;Beleza;1;53,67;23,04;76,71;BA;Enviado;CLI1138
#50590;03/12/2024;Luminária;Casa;1;404,70;11,95;416,65;GO;Cancelado;CLI1207
#50591;18/10/2024;Perfume;Beleza;3;474,14;4,92;1.427,34;BA;Entregue;CLI1062
#50592;25/09/2024;Smartwatch;Eletrônicos;1;192,85;5,98;198,83;GO;Enviado;CLI1179
#50593;09/01/2024;Camiseta;Moda;1;330,40;18,00;348,40;BA;Entregue;CLI1069
#50594;08/12/2024;Garrafa;Esporte;2;73,12;19,25;165,49;RS;Cancelado;CLI1319
#50595;12/10/2024;Carregador turbo;Eletrônicos;2;284,34;35,32;604,00;MG;Entregue;CLI1159
#50596;23/02/2024;Perfume;Beleza;1;450,90;36,23;487,13;PR;Entregue;CLI1225
#50597;17/06/2024;Carregador turbo;Eletrônicos;3;57,68;35,77;208,81;RS;Entregue;CLI1153
#50598;14/02/2024;Garrafa;Esporte;2;447,68;29,00;924,36;PE;Cancelado;CLI1282
#50599;14/09/2024;Fone sem fio;Eletrônicos;3;594,22;23,82;1.806,48;SC;Cancelado;CLI1195
#50600;22/04/2024;Perfume;Beleza;1;473,40;7,48;480,88;CE;Enviado;CLI1303
#50601;27/02/2024;Tênis;Moda;3;346,26;32,63;1.071,41;SC;Entregue;CLI1219
#50602;12/10/2024;Tapete de yoga;Esporte;2;213,32;0,15;426,79;PE;Entregue;CLI1024
#50603;02/06/2024;Fone sem fio;Eletrônicos;1;424,40;5,82;430,22;BA;Entregue;CLI1339
#50604;11/05/2024;Tapete de yoga;Esporte;1;484,24;18,48;502,72;SP;Enviado;CLI1302
#50605;27/05/2024;Garrafa;Esporte;1;316,42;14,89;331,31;SC;Enviado;CLI1115
#50606;13/03/2024;Fone sem fio;Eletrônicos;2;254,84;28,96;538,64;RS;Entregue;CLI1264
#50607;05/09/2024;Carregador turbo;Eletrônicos;3;161,61;43,92;528,75;GO;Entregue;CLI1132
#50608;22/01/2024;Jogo de panelas;Casa;3;275,49;15,22;841,69;RJ;Entregue;CLI1234
#50609;17/05/2024;Luminária;Casa;2;71,26;34,77;177,29;PR;Entregue;CLI1067
#50610;08/12/2024;Tênis;Moda;1;127,12;7,18;134,30;GO;Entregue;CLI1058
#50611;14/08/2024;Toalha;Casa;3;417,59;10,74;1.263,51;PR;Enviado;CLI1034
#50612;04/12/2024;Garrafa;Esporte;1;592,51;30,04;622,55;CE;Cancelado;CLI1110
#50613;08/03/2024;Toalha;Casa;1;321,76;7,93;329,69;RJ;Entregue;CLI1354
#50614;18/09/2024;Tapete de yoga;Esporte;1;267,28;34,58;301,86;CE;Enviado;CLI1282
#50615;03/12/2024;Smartwatch;Eletrônicos;3;553,80;18,00;1.679,40;PE;Enviado;CLI1285
#50616;31/05/2024;Luminária;Casa;2;213,97;23,14;451,08;RJ;Entregue;CLI1318
#50617;14/01/2024;Fone sem fio;Eletrônicos;2;565,56;4,01;1.135,13;CE;Cancelado;CLI1103
#50618;24/01/2024;Tapete de yoga;Esporte;1;301,20;12,74;313,94;PE;Enviado;CLI1154
#50619;03/12/2024;Toalha;Casa;3;30,95;2,00;94,85;RJ;Entregue;CLI1081
#50620;24/06/2024;Camiseta;Moda;1;376,99;27,21;404,20;BA;Cancelado;CLI1270
#50621;10/07/2024;Tênis;Moda;3;245,59;17,95;754,72;SP;Cancelado;CLI1383
#50622;08/06/2024;Hidratante;Beleza;1;449,63;6,80;456,43;SP;Entregue;CLI1384
#50623;12/12/2024;Fone sem fio;Eletrônicos;3;193,97;37,44;619,35;PR;Entregue;CLI1384
#50624;06/09/2024;Camiseta;Moda;1;134,46;11,48;145,94;PE;Entregue;CLI1154
#50625;20/06/2024;Mochila;Moda;2;334,04;37,51;705,59;BA;Entregue;CLI1082
#50626;04/10/2024;Smartwatch;Eletrônicos;1;491,78;9,38;501,16;RJ;Entregue;CLI1256
#50627;23/06/2024;Fone sem fio;Eletrônicos;2;214,58;13,56;442,72;MG;Entregue;CLI1367
#50628;22/03/2024;Perfume;Beleza;1;48,28;23,48;71,76;RS;Cancelado;CLI1098
#50629;09/06/2024;Hidratante;Beleza;2;471,55;3,18;946,28;GO;Cancelado;CLI1116
#50630;01/08/2024;Smartwatch;Eletrônicos;1;599,47;5,09;604,56;PE;Entregue;CLI1080
#50631;01/07/2024;Hidratante;Beleza;3;269,64;1,71;810,63;BA;Entregue;CLI1112
#50632;06/04/2024;Perfume;Beleza;3;553,27;41,73;1.701,54;GO;Enviado;CLI1123
#50633;07/06/2024;Smartwatch;Eletrônicos;1;330,20;2,60;332,80;RJ;Entregue;CLI1077
#50634;09/02/2024;Garrafa;Esporte;3;489,37;23,85;1.491,96;BA;Entregue;CLI1163
#50635;21/04/2024;Garrafa;Esporte;2;81,96;21,08;185,00;SP;Entregue;CLI1248
#50636;09/07/2024;Jogo de panelas;Casa;2;368,54;40,34;777,42;PR;Entregue;CLI1039
#50637;18/10/2024;Tênis;Moda;1;392,50;16,63;409,13;RS;Enviado;CLI1011
#50638;03/01/2024;Tapete de yoga;Esporte;1;534,70;29,94;564,64;RS;Entregue;CLI1217
#50639;11/08/2024;Carregador turbo;Eletrônicos;3;230,70;13,10;705,20;PE;Enviado;CLI1171
#50640;09/02/2024;Hidratante;Beleza;3;101,97;3,15;309,06;RJ;Entregue;CLI1298
#50641;06/05/2024;Tapete de yoga;Esporte;1;561,68;15,86;577,54;BA;Entregue;CLI1128
#50642;10/12/2024;Carregador turbo;Eletrônicos;2;489,09;8,41;986,59;PE;Entregue;CLI1278
#50643;28/11/2024;Perfume;Beleza;2;33,52;42,76;109,80;SP;Entregue;CLI1233
#50644;28/10/2024;Perfume;Beleza;1;209,31;42,88;252,19;GO;Enviado;CLI1001
#50645;06/06/2024;Smartwatch;Eletrônicos;1;367,73;36,47;404,20;RJ;Enviado;CLI1026
#50646;23/08/2024;Smartwatch;Eletrônicos;1;531,66;33,10;564,76;PE;Enviado;CLI1215
#50647;05/04/2024;Tapete de yoga;Esporte;3;62,72;44,88;233,04;CE;Entregue;CLI1238
#50648;02/11/2024;Mochila;Moda;1;131,26;1,99;133,25;MG;Entregue;CLI1136
#50649;15/11/2024;Jogo de panelas;Casa;1;215,31;12,59;227,90;RS;Entregue;CLI1055
#50650;25/09/2024;Carregador turbo;Eletrônicos;1;102,66;12,48;115,14;PE;Entregue;CLI1065
#50651;18/12/2024;Jogo de panelas;Casa;3;79,74;23,51;262,73;RJ;Entregue;CLI1250
#50652;23/07/2024;Perfume;Beleza;1;33,90;40,57;74,47;RJ;Enviado;CLI1352
#50653;06/08/2024;Carregador turbo;Eletrônicos;1;63,96;24,28;88,24;CE;Cancelado;CLI1357
#50654;16/09/2024;Luminária;Casa;3;210,44;7,17;638,49;RS;Enviado;CLI1019
#50655;24/12/2024;Camiseta;Moda;1;114,27;26,02;140,29;BA;Entregue;CLI1141
#50656;23/08/2024;Tapete de yoga;Esporte;3;47,87;24,12;167,73;MG;Cancelado;CLI1317
#50657;03/01/2024;Tapete de yoga;Esporte;2;413,74;15,03;842,51;SC;Entregue;CLI1003
#50658;21/12/2024;Smartwatch;Eletrônicos;2;35,05;6,70;76,80;SP;Enviado;CLI1265
#50659;23/08/2024;Tênis;Moda;1;238,75;4,46;243,21;RS;Entregue;CLI1111
#50660;02/10/2024;Tapete de yoga;Esporte;2;35,44;39,95;110,83;RJ;Enviado;CLI1106
#50661;24/06/2024;Perfume;Beleza;1;490,83;37,45;528,28;SP;Enviado;CLI1262
#50662;29/11/2024;Tapete de yoga;Esporte;1;130,06;39,01;169,07;RJ;Enviado;CLI1354
#50663;25/02/2024;Toalha;Casa;1;343,09;41,19;384,28;RJ;Entregue;CLI1044
#50664;06/08/2024;Garrafa;Esporte;1;481,13;26,39;507,52;GO;Entregue;CLI1295
#50665;13/08/2024;Smartwatch;Eletrônicos;1;324,31;9,82;334,13;RJ;Entregue;CLI1066
#50666;11/08/2024;Tapete de yoga;Esporte;1;568,38;15,54;583,92;SP;Entregue;CLI1036
#50667;02/07/2024;Garrafa;Esporte;1;44,36;22,26;66,62;CE;Entregue;CLI1028
#50668;06/05/2024;Luminária;Casa;1;99,27;12,59;111,86;GO;Entregue;CLI1120
#50669;21/08/2024;Garrafa;Esporte;1;186,89;37,34;224,23;MG;Enviado;CLI1070
#50670;12/09/2024;Fone sem fio;Eletrônicos;3;386,73;23,48;1.183,67;RS;Enviado;CLI1216
#50671;01/02/2024;Camiseta;Moda;3;464,19;22,68;1.415,25;PR;Cancelado;CLI1362
#50672;01/12/2024;Hidratante;Beleza;2;263,99;14,02;542,00;RS;Enviado;CLI1380
#50673;18/07/2024;Hidratante;Beleza;3;540,11;15,38;1.635,71;RS;Cancelado;CLI1248
#50674;09/07/2024;Camiseta;Moda;2;184,21;14,41;382,83;RJ;Enviado;CLI1252
#50675;04/08/2024;Luminária;Casa;2;256,72;23,83;537,27;GO;Entregue;CLI1085
#50676;07/12/2024;Smartwatch;Eletrônicos;1;545,54;9,85;555,39;PE;Entregue;CLI1272
#50677;15/09/2024;Tênis;Moda;1;598,92;37,69;636,61;PR;Cancelado;CLI1336
#50678;27/10/2024;Tapete de yoga;Esporte;1;263,90;36,95;300,85;PR;Enviado;CLI1072
#50679;21/05/2024;Fone sem fio;Eletrônicos;1;238,53;34,06;272,59;RJ;Cancelado;CLI1174
#50680;02/01/2024;Tapete de yoga;Esporte;3;226,01;29,41;707,44;CE;Enviado;CLI1372
#50681;22/01/2024;Jogo de panelas;Casa;3;142,97;3,58;432,49;PR;Cancelado;CLI1245
#50682;03/12/2024;Jogo de panelas;Casa;1;454,33;33,02;487,35;BA;Entregue;CLI1191
#50683;10/10/2024;Mochila;Moda;2;493,07;7,02;993,16;PR;Cancelado;CLI1249
#50684;23/06/2024;Perfume;Beleza;1;541,58;26,20;567,78;RS;Entregue;CLI1210
#50685;22/11/2024;Hidratante;Beleza;1;522,68;14,73;537,41;MG;Entregue;CLI1021
#50686;13/03/2024;Jogo de panelas;Casa;1;270,48;5,16;275,64;SP;Enviado;CLI1068
#50687;03/03/2024;Camiseta;Moda;3;531,43;19,23;1.613,52;SC;Cancelado;CLI1099
#50688;10/07/2024;Hidratante;Beleza;1;113,93;24,06;137,99;SC;Entregue;CLI1338
#50689;09/10/2024;Camiseta;Moda;1;582,20;26,95;609,15;PR;Cancelado;CLI1040
#50690;17/03/2024;Jogo de panelas;Casa;2;464,84;20,06;949,74;RJ;Cancelado;CLI1126
#50691;27/11/2024;Garrafa;Esporte;1;83,48;15,36;98,84;RJ;Cancelado;CLI1135
#50692;23/12/2024;Hidratante;Beleza;1;475,76;11,64;487,40;PE;Entregue;CLI1396
#50693;07/03/2024;Smartwatch;Eletrônicos;1;101,37;36,97;138,34;BA;Entregue;CLI1362
#50694;07/07/2024;Garrafa;Esporte;1;98,34;20,29;118,63;SC;Entregue;CLI1149
#50695;09/05/2024;Garrafa;Esporte;3;341,88;3,00;1.028,64;MG;Entregue;CLI1327
#50696;25/03/2024;Mochila;Moda;1;231,75;32,75;264,50;GO;Entregue;CLI1379
#50697;26/09/2024;Tênis;Moda;3;287,28;44,66;906,50;PR;Entregue;CLI1145
#50698;04/02/2024;Carregador turbo;Eletrônicos;1;58,61;0,61;59,22;MG;Cancelado;CLI1057
#50699;03/09/2024;Perfume;Beleza;1;369,46;33,33;402,79;RS;Entregue;CLI1365
#50700;11/08/2024;Mochila;Moda;1;385,48;29,33;414,81;BA;Cancelado;CLI1349
#50701;03/04/2024;Hidratante;Beleza;1;455,85;29,84;485,69;PE;Cancelado;CLI1211
#50702;30/08/2024;Toalha;Casa;1;513,27;12,24;525,51;SP;Entregue;CLI1359
#50703;01/08/2024;Garrafa;Esporte;2;291,41;22,28;605,10;PR;Entregue;CLI1102
#50704;15/11/2024;Tapete de yoga;Esporte;1;102,40;17,64;120,04;PR;Enviado;CLI1337
#50705;02/02/2024;Fone sem fio;Eletrônicos;3;536,19;23,40;1.631,97;GO;Enviado;CLI1048
#50706;25/03/2024;Smartwatch;Eletrônicos;1;156,72;8,56;165,28;GO;Cancelado;CLI1097
#50707;22/02/2024;Camiseta;Moda;1;504,37;36,09;540,46;MG;Entregue;CLI1297
#50708;29/10/2024;Luminária;Casa;2;225,40;36,98;487,78;SP;Entregue;CLI1053
#50709;01/12/2024;Mochila;Moda;2;508,05;38,79;1.054,89;SP;Enviado;CLI1205
#50710;25/03/2024;Hidratante;Beleza;2;65,33;28,12;158,78;SP;Entregue;CLI1011
#50711;04/03/2024;Jogo de panelas;Casa;3;30,63;0,53;92,42;PE;Entregue;CLI1148
#50712;17/01/2024;Carregador turbo;Eletrônicos;2;117,09;33,39;267,57;PR;Entregue;CLI1348
#50713;29/03/2024;Jogo de panelas;Casa;3;597,48;42,87;1.835,31;PE;Enviado;CLI1063
#50714;26/01/2024;Luminária;Casa;1;45,29;3,87;49,16;BA;Entregue;CLI1329
#50715;02/10/2024;Smartwatch;Eletrônicos;1;514,40;10,32;524,72;PE;Entregue;CLI1095
#50716;26/11/2024;Garrafa;Esporte;3;232,51;18,64;716,17;BA;Cancelado;CLI1103
#50717;02/05/2024;Luminária;Casa;1;132,87;17,23;150,10;CE;Entregue;CLI1319
#50718;26/11/2024;Tapete de yoga;Esporte;2;598,36;24,99;1.221,71;BA;Cancelado;CLI1373
#50719;30/06/2024;Mochila;Moda;3;485,01;35,25;1.490,28;SC;Entregue;CLI1383
#50720;13/02/2024;Hidratante;Beleza;3;203,27;3,75;613,56;PR;Entregue;CLI1192
#50721;13/09/2024;Luminária;Casa;3;383,00;42,99;1.191,99;SP;Entregue;CLI1336
#50722;29/04/2024;Jogo de panelas;Casa;2;27,72;7,23;62,67;BA;Entregue;CLI1139
#50723;11/02/2024;Fone sem fio;Eletrônicos;1;386,18;18,53;404,71;GO;Entregue;CLI1355
#50724;23/12/2024;Tapete de yoga;Esporte;1;129,76;36,28;166,04;GO;Entregue;CLI1343
#50725;07/04/2024;Carregador turbo;Eletrônicos;1;220,93;1,68;222,61;SC;Entregue;CLI1251
#50726;23/10/2024;Luminária;Casa;1;558,73;7,81;566,54;RJ;Entregue;CLI1249
#50727;22/10/2024;Perfume;Beleza;3;268,77;36,93;843,24;SP;Enviado;CLI1123
#50728;06/10/2024;Luminária;Casa;1;249,53;25,85;275,38;CE;Entregue;CLI1195
#50729;28/10/2024;Mochila;Moda;1;234,90;35,59;270,49;SP;Enviado;CLI1002
#50730;13/06/2024;Hidratante;Beleza;1;593,74;9,43;603,17;GO;Entregue;CLI1296
#50731;11/01/2024;Perfume;Beleza;2;407,53;2,84;817,90;PR;Cancelado;CLI1026
#50732;13/11/2024;Perfume;Beleza;1;150,54;43,46;194,00;RJ;Entregue;CLI1380
#50733;29/06/2024;Smartwatch;Eletrônicos;1;56,61;1,60;58,21;BA;Enviado;CLI1041
#50734;03/04/2024;Toalha;Casa;1;123,07;4,52;127,59;BA;Enviado;CLI1072
#50735;25/02/2024;Garrafa;Esporte;1;386,21;30,12;416,33;PE;Entregue;CLI1089
#50736;24/03/2024;Garrafa;Esporte;3;259,60;36,71;815,51;MG;Entregue;CLI1156
#50737;20/03/2024;Carregador turbo;Eletrônicos;1;469,37;34,34;503,71;RJ;Entregue;CLI1092
#50738;11/02/2024;Camiseta;Moda;2;382,19;27,50;791,88;GO;Entregue;CLI1316
#50739;24/01/2024;Jogo de panelas;Casa;1;72,57;28,43;101,00;MG;Entregue;CLI1349
#50740;19/10/2024;Luminária;Casa;1;131,99;26,34;158,33;RJ;Entregue;CLI1288
#50741;03/03/2024;Carregador turbo;Eletrônicos;1;402,89;14,72;417,61;RS;Entregue;CLI1303
#50742;01/08/2024;Perfume;Beleza;2;416,00;9,69;841,69;RS;Enviado;CLI1288
#50743;10/09/2024;Tapete de yoga;Esporte;1;137,71;2,35;140,06;RS;Cancelado;CLI1162
#50744;14/09/2024;Luminária;Casa;3;595,34;40,04;1.826,06;GO;Entregue;CLI1140
#50745;22/07/2024;Fone sem fio;Eletrônicos;1;478,17;26,38;504,55;GO;Entregue;CLI1272
#50746;11/06/2024;Toalha;Casa;3;42,75;37,56;165,81;BA;Enviado;CLI1284
#50747;06/06/2024;Tapete de yoga;Esporte;1;224,82;1,05;225,87;PR;Cancelado;CLI1217
#50748;15/11/2024;Carregador turbo;Eletrônicos;2;287,61;35,45;610,67;GO;Cancelado;CLI1307
#50749;30/10/2024;Carregador turbo;Eletrônicos;1;178,78;27,83;206,61;RJ;Enviado;CLI1327
#50750;04/05/2024;Tapete de yoga;Esporte;3;528,93;41,98;1.628,77;BA;Cancelado;CLI1240
#50751;27/08/2024;Toalha;Casa;3;441,46;34,59;1.358,97;SC;Enviado;CLI1129
#50752;14/07/2024;Camiseta;Moda;1;293,79;24,45;318,24;PE;Enviado;CLI1187
#50753;04/10/2024;Jogo de panelas;Casa;1;104,26;3,35;107,61;PR;Entregue;CLI1043
#50754;24/02/2024;Luminária;Casa;1;166,94;20,80;187,74;CE;Entregue;CLI1288
#50755;05/11/2024;Perfume;Beleza;1;557,26;10,08;567,34;PE;Cancelado;CLI1138
#50756;02/09/2024;Perfume;Beleza;1;76,58;4,75;81,33;CE;Cancelado;CLI1163
#50757;27/10/2024;Fone sem fio;Eletrônicos;1;108,93;23,15;132,08;RJ;Cancelado;CLI1087
#50758;08/04/2024;Tênis;Moda;3;208,45;34,21;659,56;SP;Cancelado;CLI1343
#50759;21/05/2024;Hidratante;Beleza;1;553,24;44,72;597,96;MG;Entregue;CLI1117
#50760;18/12/2024;Perfume;Beleza;2;384,18;28,27;796,63;RJ;Cancelado;CLI1370
#50761;07/06/2024;Tênis;Moda;1;35,22;42,74;77,96;SP;Entregue;CLI1395
#50762;09/07/2024;Carregador turbo;Eletrônicos;1;196,72;36,67;233,39;SC;Enviado;CLI1150
#50763;16/09/2024;Mochila;Moda;3;36,25;7,84;116,59;MG;Cancelado;CLI1235
#50764;16/01/2024;Fone sem fio;Eletrônicos;1;531,64;15,48;547,12;CE;Entregue;CLI1324
#50765;27/04/2024;Toalha;Casa;1;148,80;44,38;193,18;PR;Cancelado;CLI1164
#50766;09/05/2024;Camiseta;Moda;3;266,73;9,24;809,43;SC;Entregue;CLI1221
#50767;02/03/2024;Toalha;Casa;3;504,74;20,68;1.534,90;SC;Enviado;CLI1349
#50768;07/07/2024;Garrafa;Esporte;3;383,97;32,22;1.184,13;CE;Entregue;CLI1114
#50769;07/03/2024;Tapete de yoga;Esporte;2;282,43;28,92;593,78;RS;Entregue;CLI1319
#50770;05/10/2024;Fone sem fio;Eletrônicos;2;157,85;42,05;357,75;SC;Entregue;CLI1292
#50771;09/04/2024;Luminária;Casa;1;408,63;15,98;424,61;PE;Entregue;CLI1375
#50772;29/08/2024;Mochila;Moda;2;516,26;32,55;1.065,07;CE;Entregue;CLI1381
#50773;15/11/2024;Mochila;Moda;1;330,68;24,88;355,56;PR;Cancelado;CLI1379
#50774;09/03/2024;Hidratante;Beleza;1;145,21;31,94;177,15;SC;Cancelado;CLI1143
#50775;01/09/2024;Camiseta;Moda;1;403,24;2,71;405,95;BA;Entregue;CLI1073
#50776;26/07/2024;Toalha;Casa;2;302,68;11,32;616,68;SP;Entregue;CLI1033
#50777;16/02/2024;Luminária;Casa;1;462,75;38,57;501,32;GO;Cancelado;CLI1168
#50778;08/02/2024;Jogo de panelas;Casa;2;30,52;6,74;67,78;RJ;Entregue;CLI1016
#50779;24/03/2024;Jogo de panelas;Casa;1;99,86;38,34;138,20;CE;Enviado;CLI1320
#50780;13/05/2024;Jogo de panelas;Casa;1;140,54;11,17;151,71;RS;Enviado;CLI1183
#50781;22/02/2024;Perfume;Beleza;2;423,05;14,03;860,13;SC;Enviado;CLI1162
#50782;29/02/2024;Fone sem fio;Eletrônicos;1;582,58;20,43;603,01;GO;Cancelado;CLI1198
#50783;02/08/2024;Tapete de yoga;Esporte;1;30,83;41,82;72,65;PR;Entregue;CLI1179
#50784;06/01/2024;Perfume;Beleza;2;464,04;7,35;935,43;SC;Entregue;CLI1018
#50785;01/05/2024;Perfume;Beleza;3;61,88;36,39;222,03;PE;Entregue;CLI1298
#50786;16/02/2024;Fone sem fio;Eletrônicos;1;311,67;29,06;340,73;RJ;Cancelado;CLI1076
#50787;03/08/2024;Hidratante;Beleza;2;484,84;37,84;1.007,52;GO;Entregue;CLI1326
#50788;20/08/2024;Perfume;Beleza;1;27,23;33,21;60,44;RJ;Entregue;CLI1181
#50789;15/08/2024;Garrafa;Esporte;2;92,52;36,53;221,57;GO;Entregue;CLI1388
#50790;09/02/2024;Tênis;Moda;1;360,33;3,92;364,25;SC;Enviado;CLI1214
#50791;17/09/2024;Toalha;Casa;1;171,25;3,79;175,04;SP;Entregue;CLI1022
#50792;13/09/2024;Carregador turbo;Eletrônicos;1;48,44;40,37;88,81;SC;Entregue;CLI1338
#50793;13/05/2024;Hidratante;Beleza;1;411,11;27,74;438,85;CE;Entregue;CLI1055
#50794;02/06/2024;Garrafa;Esporte;3;279,54;40,65;879,27;GO;Entregue;CLI1304
#50795;18/07/2024;Hidratante;Beleza;2;118,99;38,90;276,88;SC;Entregue;CLI1317
#50796;26/11/2024;Camiseta;Moda;1;571,08;0,65;571,73;GO;Entregue;CLI1075
#50797;04/02/2024;Hidratante;Beleza;1;52,66;42,97;95,63;SC;Enviado;CLI1285
#50798;01/01/2024;Hidratante;Beleza;3;485,85;12,69;1.470,24;CE;Entregue;CLI1139
#50799;11/10/2024;Toalha;Casa;3;22,24;29,66;96,38;BA;Cancelado;CLI1166
#50800;02/02/2024;Fone sem fio;Eletrônicos;1;236,06;19,31;255,37;RJ;Cancelado;CLI1194
#50801;22/06/2024;Hidratante;Beleza;2;566,08;39,11;1.171,27;PR;Cancelado;CLI1227
#50802;11/02/2024;Hidratante;Beleza;3;209,55;22,34;650,99;SC;Entregue;CLI1387
#50803;21/10/2024;Tapete de yoga;Esporte;1;94,92;11,70;106,62;RS;Cancelado;CLI1254
#50804;27/01/2024;Hidratante;Beleza;1;443,30;44,91;488,21;BA;Cancelado;CLI1241
#50805;17/02/2024;Jogo de panelas;Casa;2;241,17;16,80;499,14;MG;Entregue;CLI1220
#50806;24/03/2024;Tênis;Moda;3;454,89;37,44;1.402,11;PE;Entregue;CLI1159
#50807;02/10/2024;Tapete de yoga;Esporte;1;338,72;40,91;379,63;GO;Entregue;CLI1197
#50808;15/12/2024;Fone sem fio;Eletrônicos;3;68,05;44,67;248,82;GO;Cancelado;CLI1220
#50809;05/09/2024;Tapete de yoga;Esporte;1;161,33;22,26;183,59;PR;Cancelado;CLI1029
#50810;06/01/2024;Toalha;Casa;3;493,60;10,52;1.491,32;CE;Entregue;CLI1037
#50811;04/07/2024;Carregador turbo;Eletrônicos;1;380,61;31,80;412,41;CE;Entregue;CLI1234
#50812;07/11/2024;Mochila;Moda;2;132,95;38,24;304,14;CE;Entregue;CLI1086
#50813;12/04/2024;Jogo de panelas;Casa;3;379,71;44,19;1.183,32;GO;Cancelado;CLI1169
#50814;19/03/2024;Hidratante;Beleza;1;170,66;44,92;215,58;RJ;Enviado;CLI1079
#50815;08/01/2024;Tênis;Moda;2;332,33;11,35;676,01;CE;Cancelado;CLI1126
#50816;21/06/2024;Hidratante;Beleza;1;132,86;5,97;138,83;GO;Entregue;CLI1008
#50817;07/12/2024;Perfume;Beleza;2;380,36;33,65;794,37;RJ;Enviado;CLI1106
#50818;15/10/2024;Perfume;Beleza;1;215,81;37,40;253,21;SP;Cancelado;CLI1180
#50819;18/11/2024;Garrafa;Esporte;1;162,52;5,48;168,00;RJ;Enviado;CLI1099
#50820;02/02/2024;Fone sem fio;Eletrônicos;2;284,23;28,98;597,44;PR;Cancelado;CLI1353
#50821;06/01/2024;Mochila;Moda;3;400,34;20,53;1.221,55;SP;Entregue;CLI1318
#50822;18/06/2024;Garrafa;Esporte;1;418,82;11,78;430,60;PE;Cancelado;CLI1322
#50823;11/03/2024;Tapete de yoga;Esporte;1;467,01;21,23;488,24;PR;Entregue;CLI1086
#50824;04/05/2024;Mochila;Moda;2;526,58;16,12;1.069,28;GO;Entregue;CLI1384
#50825;03/11/2024;Luminária;Casa;3;114,26;0,84;343,62;SC;Entregue;CLI1107
#50826;28/06/2024;Perfume;Beleza;1;485,72;4,96;490,68;SC;Entregue;CLI1141
#50827;02/09/2024;Tênis;Moda;2;284,30;33,20;601,80;CE;Entregue;CLI1280
#50828;08/03/2024;Tapete de yoga;Esporte;3;486,52;22,68;1.482,24;PR;Entregue;CLI1298
#50829;31/08/2024;Perfume;Beleza;1;341,02;18,92;359,94;RJ;Entregue;CLI1252
#50830;22/06/2024;Tapete de yoga;Esporte;1;422,02;12,80;434,82;PR;Enviado;CLI1253
#50831;13/08/2024;Perfume;Beleza;3;197,78;15,44;608,78;MG;Entregue;CLI1032
#50832;23/05/2024;Perfume;Beleza;1;364,18;23,04;387,22;RS;Entregue;CLI1234
#50833;19/05/2024;Camiseta;Moda;2;348,73;22,10;719,56;CE;Cancelado;CLI1240
#50834;25/02/2024;Mochila;Moda;1;411,90;31,28;443,18;RS;Enviado;CLI1258
#50835;08/04/2024;Perfume;Beleza;1;359,81;11,99;371,80;CE;Entregue;CLI1206
#50836;27/10/2024;Garrafa;Esporte;2;92,31;7,34;191,96;SP;Entregue;CLI1291
#50837;16/04/2024;Hidratante;Beleza;1;169,20;33,13;202,33;BA;Cancelado;CLI1281
#50838;25/06/2024;Luminária;Casa;1;457,39;25,38;482,77;CE;Cancelado;CLI1227
#50839;10/05/2024;Smartwatch;Eletrônicos;1;479,47;43,86;523,33;MG;Cancelado;CLI1365
#50840;02/05/2024;Tênis;Moda;3;91,75;43,52;318,77;BA;Entregue;CLI1023
#50841;28/10/2024;Jogo de panelas;Casa;2;427,46;0,43;855,35;GO;Cancelado;CLI1392
#50842;04/06/2024;Tapete de yoga;Esporte;1;463,20;27,02;490,22;GO;Enviado;CLI1192
#50843;19/06/2024;Tapete de yoga;Esporte;3;322,66;10,26;978,24;BA;Enviado;CLI1102
#50844;31/08/2024;Smartwatch;Eletrônicos;2;533,59;43,07;1.110,25;SC;Cancelado;CLI1099
#50845;03/03/2024;Mochila;Moda;2;290,20;30,71;611,11;PE;Entregue;CLI1289
#50846;01/08/2024;Smartwatch;Eletrônicos;2;411,27;20,16;842,70;MG;Entregue;CLI1215
#50847;14/08/2024;Garrafa;Esporte;1;88,43;33,56;121,99;BA;Entregue;CLI1132
#50848;11/07/2024;Hidratante;Beleza;1;150,58;7,14;157,72;PR;Cancelado;CLI1041
#50849;23/01/2024;Fone sem fio;Eletrônicos;2;486,71;18,85;992,27;CE;Entregue;CLI1388
#50850;19/10/2024;Camiseta;Moda;1;62,80;10,10;72,90;PE;Cancelado;CLI1297
#50851;11/01/2024;Hidratante;Beleza;2;516,28;39,39;1.071,95;SP;Cancelado;CLI1208
#50852;27/09/2024;Hidratante;Beleza;1;187,17;11,38;198,55;SP;Entregue;CLI1220
#50853;23/10/2024;Carregador turbo;Eletrônicos;1;563,68;34,41;598,09;MG;Cancelado;CLI1190
#50854;21/08/2024;Garrafa;Esporte;3;563,78;28,15;1.719,49;SP;Entregue;CLI1151
#50855;06/09/2024;Perfume;Beleza;3;81,19;24,80;268,37;MG;Entregue;CLI1137
#50856;05/02/2024;Tapete de yoga;Esporte;3;393,91;14,15;1.195,88;SC;Enviado;CLI1340
#50857;17/03/2024;Carregador turbo;Eletrônicos;3;361,27;12,99;1.096,80;PE;Enviado;CLI1130
#50858;12/02/2024;Smartwatch;Eletrônicos;1;91,70;21,97;113,67;RJ;Cancelado;CLI1138
#50859;15/12/2024;Tênis;Moda;1;169,62;38,52;208,14;PE;Cancelado;CLI1069
#50860;19/10/2024;Luminária;Casa;1;129,91;10,30;140,21;PE;Entregue;CLI1002
#50861;28/03/2024;Hidratante;Beleza;3;100,12;22,86;323,22;GO;Entregue;CLI1193
#50862;25/08/2024;Luminária;Casa;3;117,81;38,94;392,37;PE;Cancelado;CLI1328
#50863;22/05/2024;Hidratante;Beleza;2;56,51;27,45;140,47;MG;Entregue;CLI1017
#50864;01/11/2024;Luminária;Casa;1;53,00;27,61;80,61;PR;Enviado;CLI1294
#50865;24/01/2024;Tapete de yoga;Esporte;1;435,25;15,22;450,47;RJ;Entregue;CLI1177
#50866;06/03/2024;Hidratante;Beleza;3;233,28;43,35;743,19;MG;Entregue;CLI1260
#50867;19/07/2024;Perfume;Beleza;3;54,19;24,03;186,60;MG;Entregue;CLI1323
#50868;29/08/2024;Garrafa;Esporte;2;101,18;3,04;205,40;RJ;Entregue;CLI1338
#50869;27/03/2024;Fone sem fio;Eletrônicos;1;297,28;41,58;338,86;PE;Enviado;CLI1152
#50870;15/12/2024;Hidratante;Beleza;2;234,16;33,62;501,94;RS;Entregue;CLI1151
#50871;20/05/2024;Hidratante;Beleza;1;282,89;28,38;311,27;RJ;Entregue;CLI1005
#50872;06/12/2024;Garrafa;Esporte;2;58,62;13,77;131,01;RJ;Entregue;CLI1074
#50873;25/02/2024;Camiseta;Moda;1;592,36;40,68;633,04;PE;Entregue;CLI1354
#50874;02/12/2024;Garrafa;Esporte;3;320,72;18,71;980,87;PE;Entregue;CLI1376
#50875;08/03/2024;Garrafa;Esporte;2;25,90;19,37;71,17;CE;Entregue;CLI1112
#50876;09/04/2024;Tênis;Moda;1;36,20;31,65;67,85;GO;Entregue;CLI1276
#50877;15/06/2024;Jogo de panelas;Casa;2;573,76;40,38;1.187,90;BA;Enviado;CLI1185
#50878;26/12/2024;Tapete de yoga;Esporte;3;518,32;27,48;1.582,44;SP;Entregue;CLI1297
#50879;21/11/2024;Perfume;Beleza;1;270,88;8,44;279,32;PE;Cancelado;CLI1099
#50880;12/09/2024;Luminária;Casa;1;468,85;16,01;484,86;MG;Cancelado;CLI1209
#50881;07/09/2024;Toalha;Casa;3;582,56;19,08;1.766,76;PR;Cancelado;CLI1251
#50882;04/09/2024;Garrafa;Esporte;1;524,23;37,15;561,38;SC;Entregue;CLI1333
#50883;20/05/2024;Hidratante;Beleza;2;265,73;37,00;568,46;PR;Enviado;CLI1329
#50884;13/11/2024;Jogo de panelas;Casa;2;278,79;6,79;564,37;PE;Entregue;CLI1106
#50885;16/08/2024;Toalha;Casa;2;585,47;7,18;1.178,12;SC;Cancelado;CLI1125
#50886;11/05/2024;Tênis;Moda;2;365,23;21,50;751,96;BA;Entregue;CLI1144
#50887;09/07/2024;Perfume;Beleza;2;356,79;19,47;733,05;BA;Entregue;CLI1226
#50888;26/07/2024;Jogo de panelas;Casa;1;440,69;10,09;450,78;GO;Entregue;CLI1314
#50889;06/03/2024;Tênis;Moda;1;343,21;8,49;351,70;PE;Cancelado;CLI1253
#50890;30/09/2024;Fone sem fio;Eletrônicos;1;70,07;36,41;106,48;SP;Enviado;CLI1131
#50891;05/02/2024;Luminária;Casa;2;270,31;34,42;575,04;GO;Cancelado;CLI1085
#50892;15/12/2024;Toalha;Casa;2;593,74;6,35;1.193,83;CE;Entregue;CLI1050
#50893;08/08/2024;Garrafa;Esporte;1;414,95;13,69;428,64;CE;Entregue;CLI1361
#50894;08/04/2024;Perfume;Beleza;1;253,66;25,65;279,31;GO;Cancelado;CLI1186
#50895;04/03/2024;Smartwatch;Eletrônicos;2;304,09;1,07;609,25;SC;Entregue;CLI1355
#50896;01/05/2024;Carregador turbo;Eletrônicos;1;334,94;22,13;357,07;RS;Enviado;CLI1323
#50897;09/02/2024;Jogo de panelas;Casa;3;566,11;26,11;1.724,44;SP;Entregue;CLI1388
#50898;24/07/2024;Perfume;Beleza;1;420,65;5,31;425,96;SP;Entregue;CLI1200
#50899;07/01/2024;Perfume;Beleza;1;386,65;43,77;430,42;SP;Cancelado;CLI1003
