Data,SKU,Produto,Tipo de Movimento,Quantidade,Armazém,Lote,Validade
2024-05-05,SKU-156,Tinta branca 18L,Ajuste,167,CD Sul,L764,2024-09-15
2024-04-24,SKU-152,Luva nitrílica,Ajuste,125,Loja 01,L230,2026-01-26
2024-03-23,SKU-102,Cabo 2m,Saída,92,CD Norte,L151,2025-01-20
2024-03-13,SKU-141,Fita isolante,Saída,206,CD Norte,L151,2024-08-20
2024-10-21,SKU-132,Luva nitrílica,Saída,61,CD Sul,L978,2025-06-15
2024-07-04,SKU-109,Tinta branca 18L,Ajuste,134,Loja 01,L532,2024-12-11
2024-06-11,SKU-102,Fita isolante,Ajuste,77,CD Norte,L576,2024-12-15
2024-10-26,SKU-128,Parafuso 5mm,Saída,48,CD Sul,L295,2026-06-30
2024-02-16,SKU-145,Fita isolante,Saída,75,CD Norte,L332,2025-03-01
2024-02-01,SKU-123,Parafuso 5mm,Saída,176,CD Norte,L731,2025-01-07
2024-07-01,SKU-109,Fita isolante,Entrada,173,CD Sul,L785,2025-12-18
2024-08-10,SKU-136,Fita isolante,Entrada,32,CD Sul,L711,2025-05-09
2024-08-22,SKU-153,Fita isolante,Ajuste,235,CD Norte,L117,2025-07-16
2024-04-19,SKU-105,Cabo 2m,Saída,181,Loja 01,L578,2025-12-01
2024-03-25,SKU-142,Tinta branca 18L,Saída,257,CD Sul,L845,2025-12-18
2024-08-17,SKU-152,Parafuso 5mm,Entrada,189,CD Norte,L942,2024-12-05
2024-09-17,SKU-116,Parafuso 5mm,Saída,74,Loja 01,L109,2025-05-22
2024-10-13,SKU-154,Cabo 2m,Ajuste,171,CD Sul,L308,2026-01-15
2024-10-13,SKU-152,Luva nitrílica,Saída,111,Loja 01,L370,2025-11-09
2024-05-29,SKU-118,Parafuso 5mm,Entrada,57,CD Norte,L567,2025-08-23
2024-01-20,SKU-110,Cabo 2m,Saída,219,CD Sul,L993,2024-12-24
2024-10-10,SKU-141,Cabo 2m,Saída,193,CD Sul,L851,2026-08-30
2024-08-10,SKU-150,Parafuso 5mm,Ajuste,194,CD Norte,L521,2026-03-23
2024-05-30,SKU-152,Cabo 2m,Ajuste,176,CD Sul,L207,2025-07-07
2024-09-25,SKU-114,Parafuso 5mm,Entrada,199,CD Norte,L359,2026-07-04
2024-06-23,SKU-124,Cabo 2m,Saída,63,Loja 01,L345,2025-04-24
2024-03-26,SKU-123,Cabo 2m,Saída,143,Loja 01,L895,2024-06-29
2024-06-20,SKU-100,Parafuso 5mm,Saída,251,CD Norte,L823,2026-06-07
2024-01-15,SKU-150,Fita isolante,Saída,156,CD Sul,L321,2025-07-09
2024-10-24,SKU-122,Parafuso 5mm,Ajuste,233,Loja 01,L894,2026-09-28
2024-02-11,SKU-138,Parafuso 5mm,Saída,12,CD Sul,L405,2025-07-26
2024-03-04,SKU-154,Tinta branca 18L,Saída,188,Loja 01,L687,2026-02-15
2024-09-10,SKU-136,Parafuso 5mm,Entrada,68,CD Sul,L117,2024-12-17
2024-06-20,SKU-145,Cabo 2m,Entrada,207,CD Norte,L650,2025-12-15
2024-04-07,SKU-107,Parafuso 5mm,Entrada,125,Loja 01,L751,2025-09-26
2024-03-26,SKU-115,Parafuso 5mm,Saída,166,CD Sul,L213,2025-10-07
2024-01-03,SKU-114,Parafuso 5mm,Entrada,145,CD Sul,L261,2024-09-21
2024-05-17,SKU-135,Fita isolante,Saída,31,CD Sul,L347,2025-07-02
2024-02-02,SKU-127,Tinta branca 18L,Ajuste,125,CD Sul,L812,2025-01-12
2024-04-14,SKU-120,Parafuso 5mm,Ajuste,58,Loja 01,L822,2024-08-20
2024-09-16,SKU-158,Tinta branca 18L,Entrada,185,CD Sul,L452,2024-12-16
2024-06-07,SKU-152,Luva nitrílica,Saída,121,CD Norte,L350,2025-10-05
2024-07-20,SKU-140,Cabo 2m,Saída,35,CD Sul,L309,2025-07-27
2024-08-18,SKU-118,Cabo 2m,Saída,300,Loja 01,L431,2025-09-11
2024-03-16,SKU-132,Parafuso 5mm,Saída,66,Loja 01,L708,2025-10-20
2024-10-04,SKU-109,Fita isolante,Ajuste,177,CD Sul,L874,2026-01-30
2024-03-04,SKU-104,Fita isolante,Ajuste,60,CD Sul,L952,2024-09-16
2024-07-25,SKU-126,Fita isolante,Entrada,67,CD Sul,L326,2024-11-15
2024-09-04,SKU-101,Luva nitrílica,Saída,260,CD Sul,L780,2026-08-09
2024-06-12,SKU-138,Parafuso 5mm,Saída,132,Loja 01,L496,2026-05-21
2024-10-27,SKU-150,Tinta branca 18L,Saída,160,CD Sul,L217,2026-03-12
2024-05-25,SKU-138,Tinta branca 18L,Saída,248,CD Norte,L764,2025-12-08
2024-01-13,SKU-148,Luva nitrílica,Saída,181,Loja 01,L866,2025-11-08
2024-02-27,SKU-133,Fita isolante,Entrada,297,CD Norte,L159,2025-09-11
2024-09-14,SKU-119,Fita isolante,Saída,266,CD Sul,L568,2026-08-31
2024-02-04,SKU-160,Cabo 2m,Saída,224,CD Sul,L966,2024-06-24
2024-10-07,SKU-143,Tinta branca 18L,Saída,152,Loja 01,L376,2025-09-21
2024-06-17,SKU-125,Fita isolante,Entrada,5,CD Sul,L155,2026-03-15
2024-07-31,SKU-105,Parafuso 5mm,Saída,201,Loja 01,L267,2026-06-12
2024-03-19,SKU-144,Tinta branca 18L,Saída,157,Loja 01,L962,2025-06-02
2024-02-29,SKU-142,Luva nitrílica,Saída,152,CD Sul,L261,2025-12-01
2024-09-12,SKU-100,Cabo 2m,Saída,116,CD Norte,L913,2026-03-17
2024-07-03,SKU-160,Tinta branca 18L,Entrada,263,CD Sul,L239,2024-11-29
2024-05-23,SKU-113,Luva nitrílica,Saída,120,CD Sul,L105,2024-12-01
2024-03-03,SKU-114,Fita isolante,Saída,45,CD Norte,L916,2024-10-29
2024-10-12,SKU-155,Tinta branca 18L,Saída,106,Loja 01,L792,2025-04-01
2024-08-02,SKU-115,Luva nitrílica,Saída,45,CD Norte,L130,2025-02-23
2024-05-21,SKU-132,Fita isolante,Entrada,59,CD Sul,L682,2026-02-23
2024-08-01,SKU-139,Cabo 2m,Saída,260,CD Norte,L442,2025-07-27
2024-05-13,SKU-128,Cabo 2m,Saída,46,CD Sul,L182,2025-03-16
2024-07-19,SKU-156,Fita isolante,Ajuste,74,CD Sul,L680,2025-07-07
2024-04-24,SKU-109,Parafuso 5mm,Saída,51,CD Sul,L252,2025-06-25
2024-09-12,SKU-129,Parafuso 5mm,Ajuste,101,CD Sul,L519,2026-06-19
2024-10-11,SKU-111,Parafuso 5mm,Saída,193,CD Sul,L743,2026-03-25
2024-08-18,SKU-142,Cabo 2m,Saída,5,CD Norte,L931,2026-07-31
2024-08-08,SKU-148,Tinta branca 18L,Saída,250,CD Norte,L632,2025-12-05
2024-02-27,SKU-133,Parafuso 5mm,Ajuste,145,Loja 01,L815,2025-02-11
2024-02-26,SKU-140,Parafuso 5mm,Saída,256,Loja 01,L798,2024-12-20
2024-07-26,SKU-131,Luva nitrílica,Saída,204,CD Norte,L369,2026-03-17
2024-06-12,SKU-115,Tinta branca 18L,Ajuste,113,Loja 01,L951,2024-11-04
2024-09-14,SKU-104,Cabo 2m,Entrada,246,CD Sul,L441,2026-02-11
2024-10-25,SKU-113,Cabo 2m,Saída,280,CD Sul,L173,2025-09-21
2024-04-17,SKU-112,Luva nitrílica,Entrada,62,CD Norte,L406,2025-10-31
2024-10-04,SKU-156,Cabo 2m,Saída,1,CD Sul,L515,2025-10-28
2024-05-26,SKU-135,Parafuso 5mm,Entrada,258,CD Norte,L152,2024-11-30
2024-05-04,SKU-106,Cabo 2m,Entrada,138,CD Sul,L334,2025-02-26
2024-04-19,SKU-108,Luva nitrílica,Entrada,21,Loja 01,L666,2025-11-03
2024-06-01,SKU-131,Cabo 2m,Saída,158,CD Norte,L623,2026-01-06
2024-06-13,SKU-133,Luva nitrílica,Saída,59,Loja 01,L803,2025-05-25
2024-07-02,SKU-113,Fita isolante,Entrada,186,CD Sul,L390,2025-12-13
2024-09-26,SKU-115,Fita isolante,Saída,73,CD Norte,L155,2026-02-20
2024-04-22,SKU-114,Cabo 2m,Ajuste,64,Loja 01,L827,2025-04-23
2024-02-05,SKU-108,Cabo 2m,Saída,267,Loja 01,L433,2025-10-27
2024-08-08,SKU-133,Cabo 2m,Entrada,288,CD Norte,L609,2024-12-08
2024-07-30,SKU-119,Fita isolante,Saída,131,CD Sul,L977,2026-06-30
2024-09-15,SKU-127,Cabo 2m,Entrada,1,Loja 01,L896,2025-07-20
2024-09-24,SKU-156,Luva nitrílica,Ajuste,190,Loja 01,L778,2026-06-21
2024-04-21,SKU-138,Luva nitrílica,Saída,43,CD Norte,L793,2025-06-21
2024-04-23,SKU-137,Tinta branca 18L,Saída,288,Loja 01,L741,2024-11-13
2024-08-13,SKU-145,Parafuso 5mm,Ajuste,9,CD Norte,L665,2025-08-13
2024-02-06,SKU-111,Cabo 2m,Ajuste,193,CD Norte,L897,2025-11-24
2024-06-09,SKU-128,Fita isolante,Entrada,123,Loja 01,L251,2026-04-13
2024-06-11,SKU-123,Luva nitrílica,Ajuste,43,Loja 01,L481,2025-03-25
2024-05-15,SKU-158,Luva nitrílica,Ajuste,207,CD Norte,L890,2024-08-26
2024-09-24,SKU-137,Cabo 2m,Entrada,148,CD Sul,L416,2025-03-01
2024-10-02,SKU-114,Cabo 2m,Saída,229,CD Norte,L100,2026-03-16
2024-06-09,SKU-122,Luva nitrílica,Saída,90,CD Sul,L883,2025-06-02
2024-05-09,SKU-107,Parafuso 5mm,Entrada,82,Loja 01,L121,2025-05-31
2024-04-02,SKU-115,Parafuso 5mm,Saída,141,CD Sul,L142,2024-10-20
2024-01-03,SKU-150,Luva nitrílica,Saída,295,CD Sul,L695,2025-12-06
2024-06-05,SKU-160,Tinta branca 18L,Entrada,84,Loja 01,L517,2025-10-14
2024-03-05,SKU-155,Parafuso 5mm,Entrada,181,Loja 01,L690,2025-01-18
2024-02-10,SKU-130,Parafuso 5mm,Ajuste,233,Loja 01,L870,2024-09-06
2024-03-22,SKU-138,Luva nitrílica,Entrada,248,Loja 01,L994,2025-09-07
2024-02-06,SKU-150,Luva nitrílica,Saída,12,CD Sul,L622,2024-05-30
2024-03-20,SKU-148,Parafuso 5mm,Saída,249,CD Sul,L513,2025-06-22
2024-06-11,SKU-154,Fita isolante,Entrada,42,CD Sul,L368,2025-02-12
2024-08-08,SKU-111,Tinta branca 18L,Saída,33,CD Norte,L499,2024-12-26
2024-06-26,SKU-150,Cabo 2m,Saída,168,CD Norte,L460,2025-12-07
2024-08-25,SKU-104,Luva nitrílica,Saída,116,CD Sul,L850,2025-10-22
2024-07-24,SKU-156,Fita isolante,Ajuste,239,CD Sul,L602,2025-01-26
2024-09-24,SKU-121,Luva nitrílica,Ajuste,15,CD Sul,L364,2025-05-19
2024-07-05,SKU-159,Luva nitrílica,Saída,168,CD Norte,L728,2026-01-12
2024-03-09,SKU-119,Cabo 2m,Entrada,83,Loja 01,L196,2026-01-02
2024-02-02,SKU-160,Cabo 2m,Ajuste,75,CD Norte,L279,2025-05-25
2024-07-09,SKU-122,Parafuso 5mm,Saída,191,CD Norte,L718,2025-12-29
2024-09-13,SKU-107,Fita isolante,Saída,135,Loja 01,L933,2025-09-06
2024-06-14,SKU-112,Parafuso 5mm,Entrada,257,CD Norte,L617,2025-09-14
2024-07-30,SKU-152,Cabo 2m,Ajuste,73,Loja 01,L258,2025-04-24
2024-08-31,SKU-149,Parafuso 5mm,Saída,23,CD Norte,L920,2025-05-10
2024-02-10,SKU-117,Cabo 2m,Entrada,172,CD Norte,L222,2024-05-18
2024-04-11,SKU-104,Luva nitrílica,Saída,85,Loja 01,L995,2025-10-06
2024-04-07,SKU-132,Tinta branca 18L,Ajuste,144,CD Norte,L727,2025-05-31
2024-02-25,SKU-127,Tinta branca 18L,Saída,227,CD Norte,L327,2025-01-21
2024-01-07,SKU-136,Tinta branca 18L,Entrada,98,CD Sul,L101,2024-12-06
2024-02-22,SKU-122,Luva nitrílica,Entrada,75,CD Norte,L714,2024-08-06
2024-06-14,SKU-147,Tinta branca 18L,Entrada,43,CD Sul,L342,2024-12-29
2024-04-27,SKU-118,Tinta branca 18L,Entrada,207,CD Norte,L897,2024-09-29
2024-06-24,SKU-112,Tinta branca 18L,Entrada,103,CD Norte,L840,2025-05-19
2024-03-27,SKU-113,Luva nitrílica,Saída,262,CD Sul,L953,2025-01-06
2024-03-21,SKU-159,Luva nitrílica,Ajuste,129,CD Sul,L110,2025-11-08
2024-10-04,SKU-129,Luva nitrílica,Entrada,100,CD Norte,L802,2025-04-21
2024-01-04,SKU-106,Fita isolante,Ajuste,64,CD Norte,L613,2024-04-28
2024-09-23,SKU-110,Tinta branca 18L,Saída,290,Loja 01,L614,2025-02-22
2024-06-09,SKU-124,Cabo 2m,Saída,113,CD Sul,L979,2025-08-14
2024-02-16,SKU-155,Fita isolante,Ajuste,11,CD Sul,L209,2024-07-19
2024-05-26,SKU-134,Luva nitrílica,Saída,73,CD Sul,L579,2025-04-17
2024-09-19,SKU-144,Tinta branca 18L,Ajuste,92,CD Sul,L921,2025-03-14
2024-10-24,SKU-147,Luva nitrílica,Saída,94,Loja 01,L909,2025-08-12
2024-03-13,SKU-108,Tinta branca 18L,Saída,278,CD Norte,L185,2024-10-16
2024-02-09,SKU-130,Fita isolante,Ajuste,91,CD Norte,L269,2024-08-08
2024-08-26,SKU-144,Cabo 2m,Saída,153,CD Sul,L346,2025-02-13
2024-04-07,SKU-126,Parafuso 5mm,Ajuste,224,CD Norte,L873,2025-07-13
2024-06-10,SKU-146,Cabo 2m,Ajuste,168,CD Norte,L131,2024-09-25
2024-06-07,SKU-150,Cabo 2m,Saída,219,Loja 01,L485,2025-05-18
2024-02-20,SKU-156,Parafuso 5mm,Entrada,234,CD Sul,L453,2025-03-26
2024-04-15,SKU-155,Luva nitrílica,Ajuste,257,CD Sul,L751,2025-08-24
2024-04-30,SKU-135,Cabo 2m,Ajuste,120,CD Norte,L918,2025-12-19
2024-01-18,SKU-106,Fita isolante,Saída,254,CD Sul,L766,2024-06-29
2024-06-25,SKU-100,Parafuso 5mm,Entrada,184,CD Norte,L536,2024-12-08
2024-03-16,SKU-116,Fita isolante,Ajuste,297,CD Norte,L341,2025-09-18
2024-10-11,SKU-155,Fita isolante,Entrada,282,Loja 01,L306,2026-09-03
2024-01-11,SKU-140,Luva nitrílica,Entrada,68,CD Sul,L685,2024-07-08
2024-09-28,SKU-135,Cabo 2m,Saída,124,Loja 01,L810,2026-09-14
2024-06-01,SKU-133,Fita isolante,Ajuste,133,CD Sul,L782,2025-02-11
2024-06-10,SKU-102,Fita isolante,Saída,59,Loja 01,L344,2025-07-31
2024-05-31,SKU-128,Fita isolante,Ajuste,260,Loja 01,L488,2025-12-05
2024-10-05,SKU-102,Luva nitrílica,Entrada,241,CD Sul,L220,2026-08-18
2024-01-23,SKU-126,Luva nitrílica,Saída,244,Loja 01,L956,2024-08-15
2024-07-27,SKU-116,Tinta branca 18L,Saída,101,Loja 01,L190,2026-05-14
2024-07-15,SKU-103,Parafuso 5mm,Saída,227,Loja 01,L621,2026-01-05
2024-03-02,SKU-156,Cabo 2m,Saída,298,Loja 01,L578,2024-11-12
2024-10-19,SKU-145,Tinta branca 18L,Ajuste,74,Loja 01,L352,2026-02-21
2024-10-18,SKU-136,Luva nitrílica,Saída,264,CD Sul,L459,2026-07-26
2024-07-12,SKU-125,Luva nitrílica,Entrada,194,CD Norte,L468,2025-12-30
2024-01-02,SKU-151,Parafuso 5mm,Saída,295,Loja 01,L267,2025-01-12
2024-02-22,SKU-130,Luva nitrílica,Saída,12,CD Norte,L734,2024-11-22
2024-03-03,SKU-120,Parafuso 5mm,Saída,34,Loja 01,L276,2025-07-18
2024-03-27,SKU-115,Parafuso 5mm,Ajuste,271,Loja 01,L863,2026-02-21
2024-04-23,SKU-131,Luva nitrílica,Ajuste,263,Loja 01,L988,2025-02-26
2024-06-27,SKU-137,Luva nitrílica,Saída,85,CD Sul,L469,2024-11-30
2024-08-28,SKU-132,Fita isolante,Saída,194,Loja 01,L154,2025-07-25
2024-08-31,SKU-128,Luva nitrílica,Saída,252,Loja 01,L276,2025-05-05
2024-02-09,SKU-112,Fita isolante,Saída,62,CD Norte,L470,2025-11-21
2024-10-12,SKU-117,Parafuso 5mm,Saída,59,CD Norte,L786,2026-09-02
2024-10-16,SKU-131,Fita isolante,Ajuste,92,CD Sul,L319,2025-03-23
2024-09-21,SKU-140,Luva nitrílica,Saída,170,CD Sul,L518,2025-06-08
2024-06-22,SKU-100,Parafuso 5mm,Saída,180,CD Sul,L128,2025-01-09
2024-03-11,SKU-125,Fita isolante,Saída,66,CD Sul,L618,2025-03-21
2024-07-28,SKU-153,Luva nitrílica,Ajuste,64,CD Sul,L683,2025-12-04
2024-09-24,SKU-154,Parafuso 5mm,Saída,250,CD Sul,L837,2026-02-09
2024-04-05,SKU-152,Cabo 2m,Saída,10,CD Sul,L863,2025-02-02
2024-10-09,SKU-101,Parafuso 5mm,Entrada,77,CD Sul,L504,2025-09-06
2024-05-26,SKU-130,Fita isolante,Ajuste,83,CD Sul,L234,2025-06-13
2024-05-17,SKU-119,Cabo 2m,Entrada,191,CD Sul,L726,2025-08-18
2024-10-17,SKU-142,Tinta branca 18L,Ajuste,117,CD Norte,L921,2026-04-16
2024-01-05,SKU-121,Fita isolante,Saída,46,Loja 01,L822,2025-04-29
2024-07-06,SKU-104,Tinta branca 18L,Saída,232,Loja 01,L160,2025-02-04
2024-06-17,SKU-102,Cabo 2m,Saída,213,Loja 01,L138,2024-09-27
2024-03-24,SKU-155,Fita isolante,Entrada,260,CD Norte,L369,2026-02-03
2024-03-25,SKU-155,Luva nitrílica,Saída,289,CD Norte,L398,2025-01-10
2024-01-12,SKU-135,Parafuso 5mm,Entrada,286,Loja 01,L449,2026-01-01
2024-08-16,SKU-135,Cabo 2m,Ajuste,26,CD Sul,L600,2025-12-25
2024-08-10,SKU-113,Luva nitrílica,Ajuste,118,Loja 01,L403,2026-04-06
2024-09-07,SKU-154,Fita isolante,Saída,126,CD Norte,L850,2026-04-13
2024-09-16,SKU-154,Luva nitrílica,Saída,96,CD Norte,L613,2025-08-19
2024-07-30,SKU-145,Parafuso 5mm,Entrada,25,CD Norte,L151,2025-10-02
2024-06-25,SKU-103,Tinta branca 18L,Entrada,227,CD Sul,L423,2025-06-15
2024-10-06,SKU-114,Cabo 2m,Ajuste,39,CD Norte,L448,2025-05-24
2024-06-21,SKU-152,Parafuso 5mm,Ajuste,49,Loja 01,L678,2025-12-09
2024-04-16,SKU-123,Tinta branca 18L,Saída,294,CD Sul,L886,2024-07-30
2024-01-06,SKU-119,Tinta branca 18L,Saída,184,CD Sul,L498,2025-10-06
2024-07-12,SKU-142,Fita isolante,Entrada,253,Loja 01,L543,2026-06-17
2024-01-11,SKU-147,Fita isolante,Saída,254,Loja 01,L670,2024-07-03
2024-10-23,SKU-139,Tinta branca 18L,Entrada,8,CD Norte,L669,2025-03-13
2024-02-15,SKU-105,Tinta branca 18L,Ajuste,109,CD Norte,L602,2025-08-21
2024-04-09,SKU-103,Cabo 2m,Saída,271,Loja 01,L749,2024-12-30
2024-05-05,SKU-127,Cabo 2m,Saída,88,Loja 01,L685,2025-12-06
2024-03-22,SKU-149,Cabo 2m,Saída,107,CD Sul,L246,2025-11-13
2024-03-24,SKU-119,Cabo 2m,Saída,15,Loja 01,L221,2024-10-01
2024-07-02,SKU-157,Fita isolante,Saída,138,CD Sul,L707,2025-06-16
2024-10-18,SKU-112,Parafuso 5mm,Ajuste,155,CD Norte,L290,2026-05-05
2024-03-01,SKU-154,Parafuso 5mm,Saída,40,CD Norte,L125,2025-06-02
2024-09-18,SKU-137,Fita isolante,Ajuste,63,CD Norte,L188,2025-07-08
2024-04-26,SKU-116,Fita isolante,Saída,231,CD Norte,L126,2025-10-27
2024-01-26,SKU-130,Tinta branca 18L,Entrada,170,CD Sul,L161,2025-04-07
2024-08-06,SKU-157,Tinta branca 18L,Ajuste,148,CD Norte,L116,2024-12-11
2024-05-16,SKU-112,Parafuso 5mm,Ajuste,20,CD Sul,L108,2025-12-26
2024-06-17,SKU-123,Fita isolante,Saída,87,CD Norte,L275,2026-05-24
2024-10-02,SKU-111,Fita isolante,Ajuste,104,CD Sul,L953,2025-03-26
2024-01-08,SKU-138,Luva nitrílica,Ajuste,96,Loja 01,L958,2025-04-05
2024-02-28,SKU-117,Cabo 2m,Saída,245,Loja 01,L549,2025-03-17
2024-05-08,SKU-146,Cabo 2m,Saída,227,CD Sul,L470,2025-02-20
2024-02-24,SKU-130,Luva nitrílica,Saída,282,Loja 01,L545,2025-08-31
2024-04-18,SKU-109,Luva nitrílica,Saída,51,CD Sul,L737,2025-02-06
2024-01-04,SKU-126,Luva nitrílica,Entrada,156,CD Norte,L577,2024-08-28
2024-08-21,SKU-126,Parafuso 5mm,Saída,246,CD Norte,L122,2025-04-30
2024-05-31,SKU-134,Fita isolante,Saída,2,CD Norte,L309,2025-01-31
2024-02-07,SKU-114,Cabo 2m,Entrada,163,CD Norte,L896,2024-05-18
2024-05-11,SKU-145,Cabo 2m,Ajuste,89,Loja 01,L395,2025-03-08
2024-03-01,SKU-101,Cabo 2m,Entrada,299,CD Sul,L499,2026-02-07
2024-06-25,SKU-101,Cabo 2m,Ajuste,191,CD Sul,L684,2026-04-23
2024-08-12,SKU-127,Parafuso 5mm,Saída,90,Loja 01,L538,2024-11-25
2024-06-10,SKU-101,Fita isolante,Saída,136,CD Sul,L583,2024-12-21
2024-10-09,SKU-116,Tinta branca 18L,Saída,212,Loja 01,L332,2025-03-05
2024-08-25,SKU-122,Tinta branca 18L,Saída,298,CD Norte,L163,2026-08-10
2024-09-02,SKU-153,Cabo 2m,Entrada,148,CD Norte,L979,2025-03-03
2024-04-07,SKU-136,Tinta branca 18L,Entrada,54,CD Norte,L602,2025-08-23
2024-04-07,SKU-136,Parafuso 5mm,Saída,90,CD Norte,L574,2024-12-22
2024-05-20,SKU-146,Fita isolante,Saída,155,Loja 01,L658,2025-01-04
2024-05-24,SKU-102,Cabo 2m,Saída,107,CD Sul,L756,2025-10-13
2024-07-10,SKU-104,Cabo 2m,Entrada,76,Loja 01,L325,2024-12-04
2024-09-26,SKU-145,Tinta branca 18L,Entrada,38,CD Sul,L410,2026-07-04
2024-02-26,SKU-128,Cabo 2m,Ajuste,28,Loja 01,L973,2025-10-29
2024-06-23,SKU-136,Luva nitrílica,Ajuste,32,CD Sul,L403,2026-01-24
2024-08-29,SKU-105,Fita isolante,Ajuste,132,Loja 01,L764,2026-07-09
2024-08-01,SKU-107,Fita isolante,Entrada,9,Loja 01,L184,2025-08-18
2024-05-03,SKU-142,Parafuso 5mm,Saída,291,CD Sul,L299,2025-09-29
2024-05-31,SKU-146,Fita isolante,Ajuste,111,Loja 01,L178,2025-11-10
2024-08-24,SKU-115,Parafuso 5mm,Ajuste,31,Loja 01,L344,2024-11-23
2024-08-21,SKU-132,Luva nitrílica,Entrada,195,Loja 01,L297,2026-06-19
2024-02-19,SKU-101,Luva nitrílica,Saída,88,Loja 01,L873,2025-09-23
2024-04-21,SKU-158,Parafuso 5mm,Saída,76,CD Norte,L838,2025-01-02
2024-01-24,SKU-151,Luva nitrílica,Saída,46,CD Norte,L800,2025-04-29
2024-06-21,SKU-139,Cabo 2m,Ajuste,168,CD Sul,L376,2025-01-31
2024-03-23,SKU-134,Tinta branca 18L,Entrada,179,CD Sul,L385,2024-07-07
2024-10-15,SKU-137,Parafuso 5mm,Ajuste,287,Loja 01,L537,2025-06-01
2024-01-25,SKU-137,Fita isolante,Ajuste,135,CD Sul,L996,2024-10-12
2024-01-08,SKU-113,Cabo 2m,Saída,115,Loja 01,L624,2024-05-27
2024-02-13,SKU-139,Luva nitrílica,Entrada,25,Loja 01,L306,2025-03-27
2024-06-22,SKU-106,Parafuso 5mm,Ajuste,168,Loja 01,L146,2025-08-08
2024-09-17,SKU-147,Parafuso 5mm,Saída,293,CD Norte,L381,2024-12-20
2024-04-07,SKU-106,Parafuso 5mm,Saída,210,Loja 01,L901,2024-07-21
2024-04-10,SKU-123,Tinta branca 18L,Saída,26,CD Sul,L715,2025-07-06
2024-01-26,SKU-100,Luva nitrílica,Saída,217,CD Norte,L697,2024-05-22
2024-03-28,SKU-114,Cabo 2m,Saída,90,Loja 01,L659,2024-12-01
2024-09-30,SKU-146,Tinta branca 18L,Saída,102,Loja 01,L841,2025-08-19
2024-09-15,SKU-111,Luva nitrílica,Saída,220,CD Sul,L389,2026-04-26
2024-01-06,SKU-124,Tinta branca 18L,Entrada,24,Loja 01,L519,2025-05-05
2024-10-09,SKU-108,Cabo 2m,Entrada,299,CD Norte,L483,2025-01-17
2024-08-30,SKU-112,Fita isolante,Saída,23,CD Sul,L806,2026-05-17
2024-03-20,SKU-120,Parafuso 5mm,Entrada,182,CD Sul,L900,2024-07-09
2024-02-08,SKU-138,Tinta branca 18L,Entrada,68,CD Norte,L203,2024-12-24
2024-01-30,SKU-143,Cabo 2m,Entrada,138,CD Norte,L100,2025-04-13
2024-03-15,SKU-112,Luva nitrílica,Ajuste,214,CD Sul,L211,2024-06-25
2024-06-28,SKU-134,Cabo 2m,Entrada,236,Loja 01,L458,2025-04-15
2024-10-19,SKU-111,Parafuso 5mm,Entrada,168,CD Norte,L494,2025-04-10
2024-06-22,SKU-125,Fita isolante,Saída,69,Loja 01,L887,2025-05-15
2024-01-12,SKU-109,Tinta branca 18L,Saída,201,Loja 01,L675,2025-04-30
2024-06-24,SKU-128,Luva nitrílica,Saída,159,CD Sul,L167,2025-11-25
2024-06-01,SKU-135,Fita isolante,Saída,212,CD Norte,L161,2024-09-30
2024-02-26,SKU-140,Luva nitrílica,Ajuste,140,CD Norte,L490,2025-07-30
2024-04-19,SKU-136,Tinta branca 18L,Entrada,129,Loja 01,L167,2025-06-27
2024-03-07,SKU-141,Tinta branca 18L,Entrada,208,Loja 01,L449,2025-12-04
2024-03-28,SKU-144,Luva nitrílica,Saída,189,CD Sul,L781,2025-08-07
2024-05-07,SKU-156,Luva nitrílica,Saída,70,Loja 01,L397,2025-12-06
2024-06-22,SKU-122,Tinta branca 18L,Ajuste,82,CD Norte,L192,2026-04-05
2024-06-05,SKU-132,Fita isolante,Saída,264,CD Norte,L622,2024-10-28
2024-05-30,SKU-159,Tinta branca 18L,Ajuste,265,Loja 01,L490,2025-02-04
2024-06-20,SKU-159,Cabo 2m,Ajuste,20,CD Norte,L697,2025-04-23
2024-10-18,SKU-132,Cabo 2m,Saída,223,Loja 01,L815,2026-03-26
2024-10-08,SKU-144,Tinta branca 18L,Entrada,226,CD Sul,L990,2025-03-08
2024-03-08,SKU-116,Cabo 2m,Saída,203,CD Sul,L522,2025-03-03
2024-04-12,SKU-149,Parafuso 5mm,Saída,35,Loja 01,L570,2025-01-27
2024-05-04,SKU-141,Parafuso 5mm,Saída,214,CD Norte,L673,2025-01-03
2024-01-06,SKU-117,Parafuso 5mm,Saída,162,Loja 01,L722,2025-06-27
2024-06-24,SKU-112,Tinta branca 18L,Entrada,75,CD Norte,L721,2025-11-15
2024-02-22,SKU-154,Cabo 2m,Saída,107,CD Sul,L200,2025-11-25
2024-04-19,SKU-153,Parafuso 5mm,Saída,125,CD Sul,L229,2026-03-10
2024-03-15,SKU-124,Luva nitrílica,Ajuste,258,CD Sul,L236,2025-12-26
2024-02-08,SKU-143,Fita isolante,Entrada,217,CD Sul,L793,2024-06-07
2024-05-01,SKU-116,Cabo 2m,Saída,153,CD Norte,L163,2024-08-25
2024-01-19,SKU-104,Fita isolante,Ajuste,31,CD Norte,L793,2024-07-02
2024-09-25,SKU-108,Fita isolante,Ajuste,242,CD Sul,L122,2026-02-02
2024-08-17,SKU-131,Tinta branca 18L,Saída,90,CD Sul,L920,2026-02-26
2024-04-30,SKU-119,Fita isolante,Saída,95,CD Sul,L956,2025-02-09
2024-08-14,SKU-109,Parafuso 5mm,Saída,160,CD Norte,L721,2025-08-16
2024-05-03,SKU-100,Luva nitrílica,Ajuste,221,CD Sul,L775,2025-04-07
2024-02-26,SKU-139,Tinta branca 18L,Saída,218,Loja 01,L951,2024-09-26
2024-09-07,SKU-145,Cabo 2m,Entrada,243,Loja 01,L565,2026-04-11
2024-03-26,SKU-112,Fita isolante,Ajuste,276,CD Sul,L402,2025-09-05
2024-07-15,SKU-121,Tinta branca 18L,Ajuste,209,Loja 01,L720,2025-03-31
2024-09-05,SKU-120,Parafuso 5mm,Saída,211,CD Norte,L300,2025-07-10
2024-05-04,SKU-140,Luva nitrílica,Entrada,140,CD Norte,L183,2025-01-06
2024-08-10,SKU-101,Tinta branca 18L,Saída,82,Loja 01,L719,2025-01-10
2024-03-29,SKU-121,Tinta branca 18L,Ajuste,253,CD Norte,L943,2026-02-23
2024-08-10,SKU-138,Parafuso 5mm,Saída,29,Loja 01,L834,2026-04-14
2024-09-10,SKU-156,Cabo 2m,Saída,131,Loja 01,L535,2025-02-13
2024-09-01,SKU-110,Tinta branca 18L,Saída,233,Loja 01,L158,2025-07-18
2024-10-03,SKU-142,Tinta branca 18L,Ajuste,263,CD Norte,L808,2026-03-11
2024-09-20,SKU-114,Luva nitrílica,Ajuste,53,Loja 01,L303,2025-08-02
2024-08-12,SKU-130,Parafuso 5mm,Ajuste,237,CD Sul,L743,2026-07-01
2024-09-26,SKU-103,Luva nitrílica,Ajuste,129,CD Norte,L328,2025-07-15
2024-04-18,SKU-125,Luva nitrílica,Saída,90,Loja 01,L874,2025-07-15
2024-08-08,SKU-102,Parafuso 5mm,Saída,173,Loja 01,L769,2026-06-07
2024-08-07,SKU-117,Fita isolante,Saída,103,Loja 01,L717,2025-01-24
2024-06-04,SKU-158,Cabo 2m,Ajuste,248,CD Norte,L817,2025-10-21
2024-09-04,SKU-103,Tinta branca 18L,Saída,178,Loja 01,L552,2025-11-22
2024-03-09,SKU-146,Tinta branca 18L,Entrada,295,CD Norte,L496,2025-08-06
2024-10-01,SKU-135,Parafuso 5mm,Saída,243,Loja 01,L623,2025-10-15
2024-07-31,SKU-125,Parafuso 5mm,Saída,232,CD Sul,L886,2026-05-26
2024-06-03,SKU-139,Parafuso 5mm,Saída,64,Loja 01,L188,2025-09-13
2024-10-07,SKU-152,Tinta branca 18L,Saída,159,CD Sul,L893,2026-03-04
2024-01-17,SKU-100,Luva nitrílica,Saída,185,Loja 01,L709,2025-06-23
2024-02-19,SKU-146,Fita isolante,Saída,193,CD Norte,L434,2025-10-08
2024-04-19,SKU-125,Luva nitrílica,Entrada,257,CD Norte,L410,2026-03-14
2024-09-29,SKU-123,Luva nitrílica,Ajuste,199,Loja 01,L776,2026-01-02
2024-01-31,SKU-142,Luva nitrílica,Saída,258,CD Norte,L592,2025-02-22
2024-04-23,SKU-118,Cabo 2m,Saída,225,CD Sul,L900,2026-02-11
2024-09-29,SKU-106,Fita isolante,Saída,18,CD Sul,L757,2025-01-15
2024-05-26,SKU-129,Fita isolante,Saída,214,Loja 01,L288,2024-08-24
2024-10-20,SKU-138,Cabo 2m,Saída,140,CD Sul,L452,2025-11-07
2024-07-02,SKU-121,Fita isolante,Saída,137,CD Norte,L832,2026-06-18
2024-01-05,SKU-109,Tinta branca 18L,Ajuste,173,CD Norte,L324,2025-05-09
2024-04-10,SKU-119,Fita isolante,Ajuste,203,CD Sul,L493,2025-06-14
2024-03-24,SKU-134,Luva nitrílica,Saída,209,CD Sul,L656,2025-08-25
2024-06-19,SKU-122,Tinta branca 18L,Ajuste,139,CD Sul,L723,2025-07-30
2024-07-20,SKU-129,Parafuso 5mm,Entrada,164,CD Sul,L935,2026-04-03
2024-07-12,SKU-141,Parafuso 5mm,Entrada,196,CD Sul,L374,2025-06-10
2024-05-24,SKU-134,Parafuso 5mm,Ajuste,133,Loja 01,L322,2026-03-11
2024-02-12,SKU-110,Tinta branca 18L,Entrada,79,Loja 01,L975,2024-06-16
2024-07-25,SKU-144,Tinta branca 18L,Saída,177,CD Sul,L594,2025-03-02
2024-04-16,SKU-150,Cabo 2m,Saída,174,Loja 01,L546,2024-11-17
2024-08-10,SKU-104,Tinta branca 18L,Ajuste,155,Loja 01,L185,2026-05-17
2024-05-10,SKU-148,Cabo 2m,Ajuste,195,Loja 01,L354,2025-04-17
2024-09-22,SKU-144,Parafuso 5mm,Entrada,193,CD Sul,L823,2025-12-23
2024-08-22,SKU-118,Tinta branca 18L,Saída,9,CD Sul,L168,2026-05-06
2024-09-20,SKU-142,Cabo 2m,Entrada,200,CD Norte,L321,2026-09-10
2024-04-23,SKU-140,Luva nitrílica,Entrada,26,CD Norte,L165,2025-08-13
2024-06-30,SKU-117,Cabo 2m,Ajuste,226,CD Norte,L419,2026-04-30
2024-09-21,SKU-116,Luva nitrílica,Saída,272,Loja 01,L791,2026-05-28
2024-02-13,SKU-105,Tinta branca 18L,Saída,141,CD Sul,L629,2024-06-06
2024-06-07,SKU-105,Parafuso 5mm,Ajuste,107,CD Norte,L653,2025-01-12
2024-02-29,SKU-136,Tinta branca 18L,Ajuste,29,CD Norte,L647,2025-07-20
2024-07-09,SKU-112,Parafuso 5mm,Ajuste,50,Loja 01,L692,2026-05-19
2024-04-09,SKU-129,Fita isolante,Ajuste,283,CD Norte,L820,2025-04-23
2024-06-14,SKU-129,Parafuso 5mm,Saída,184,CD Norte,L697,2025-01-17
2024-05-20,SKU-156,Parafuso 5mm,Saída,185,Loja 01,L146,2025-06-03
2024-08-19,SKU-127,Cabo 2m,Entrada,206,Loja 01,L728,2025-03-05
2024-04-30,SKU-103,Fita isolante,Saída,34,Loja 01,L897,2025-04-28
2024-06-24,SKU-140,Parafuso 5mm,Ajuste,149,Loja 01,L390,2026-05-22
2024-01-09,SKU-109,Cabo 2m,Saída,162,CD Norte,L588,2024-05-24
2024-01-11,SKU-124,Cabo 2m,Saída,30,Loja 01,L514,2024-11-16
2024-05-06,SKU-110,Tinta branca 18L,Saída,9,CD Sul,L206,2025-12-18
2024-03-06,SKU-147,Cabo 2m,Ajuste,59,CD Sul,L212,2024-08-30
2024-07-20,SKU-132,Cabo 2m,Ajuste,227,Loja 01,L513,2025-12-21
2024-03-29,SKU-121,Parafuso 5mm,Entrada,289,CD Sul,L593,2026-03-13
2024-08-17,SKU-141,Fita isolante,Saída,58,Loja 01,L243,2025-05-11
2024-10-22,SKU-143,Tinta branca 18L,Entrada,126,CD Sul,L796,2026-10-12
2024-01-26,SKU-109,Luva nitrílica,Saída,95,CD Norte,L573,2024-07-19
2024-04-28,SKU-150,Fita isolante,Ajuste,264,Loja 01,L945,2025-07-11
2024-04-04,SKU-141,Parafuso 5mm,Entrada,247,CD Norte,L766,2024-10-12
2024-06-21,SKU-119,Fita isolante,Saída,14,CD Sul,L937,2026-03-11
2024-07-05,SKU-126,Parafuso 5mm,Saída,75,Loja 01,L581,2025-11-07
2024-02-07,SKU-154,Tinta branca 18L,Entrada,20,CD Norte,L651,2025-05-19
2024-08-10,SKU-126,Fita isolante,Saída,25,Loja 01,L527,2026-06-22
2024-03-10,SKU-114,Luva nitrílica,Saída,214,CD Sul,L812,2026-02-14
2024-02-07,SKU-104,Cabo 2m,Entrada,116,CD Sul,L315,2025-02-17
2024-01-25,SKU-145,Parafuso 5mm,Entrada,174,Loja 01,L378,2025-11-18
2024-04-22,SKU-136,Cabo 2m,Ajuste,129,CD Norte,L873,2026-03-06
2024-10-10,SKU-129,Parafuso 5mm,Saída,37,CD Norte,L392,2025-11-03
2024-04-18,SKU-126,Tinta branca 18L,Saída,235,Loja 01,L314,2025-10-16
2024-09-30,SKU-135,Cabo 2m,Ajuste,182,Loja 01,L498,2025-11-30
2024-04-22,SKU-109,Tinta branca 18L,Saída,183,CD Sul,L105,2025-05-31
2024-01-25,SKU-110,Luva nitrílica,Entrada,141,CD Norte,L512,2025-09-09
2024-03-28,SKU-103,Tinta branca 18L,Saída,65,CD Sul,L486,2024-08-24
2024-05-21,SKU-117,Tinta branca 18L,Entrada,244,CD Sul,L966,2025-08-04
2024-05-15,SKU-153,Parafuso 5mm,Ajuste,202,CD Norte,L450,2024-11-09
2024-03-03,SKU-100,Parafuso 5mm,Ajuste,148,CD Norte,L743,2025-09-16
2024-07-30,SKU-141,Cabo 2m,Entrada,262,CD Sul,L101,2025-04-26
2024-02-19,SKU-110,Parafuso 5mm,Saída,21,Loja 01,L344,2025-03-30
2024-05-11,SKU-156,Luva nitrílica,Saída,229,CD Sul,L968,2024-12-23
2024-01-26,SKU-145,Fita isolante,Saída,123,CD Sul,L848,2025-12-20
2024-08-26,SKU-133,Luva nitrílica,Saída,85,CD Norte,L409,2025-04-02
2024-10-27,SKU-139,Luva nitrílica,Entrada,46,Loja 01,L405,2026-04-27
2024-01-16,SKU-124,Tinta branca 18L,Ajuste,209,CD Sul,L250,2024-05-17
2024-06-28,SKU-136,Cabo 2m,Entrada,121,CD Sul,L547,2025-07-16
2024-09-07,SKU-101,Luva nitrílica,Entrada,25,Loja 01,L273,2025-03-14
2024-10-26,SKU-156,Cabo 2m,Entrada,41,Loja 01,L460,2026-09-26
2024-08-20,SKU-138,Parafuso 5mm,Ajuste,67,Loja 01,L715,2025-05-25
2024-08-31,SKU-128,Tinta branca 18L,Entrada,27,CD Norte,L680,2026-06-04
2024-10-15,SKU-108,Tinta branca 18L,Ajuste,89,Loja 01,L580,2026-05-05
2024-07-23,SKU-121,Parafuso 5mm,Entrada,300,CD Sul,L765,2025-04-26
2024-09-14,SKU-114,Fita isolante,Saída,271,CD Sul,L120,2025-10-10
2024-02-07,SKU-116,Fita isolante,Entrada,153,CD Norte,L511,2024-10-28
2024-05-09,SKU-145,Fita isolante,Entrada,186,CD Norte,L459,2026-01-10
2024-06-14,SKU-147,Cabo 2m,Saída,6,CD Norte,L289,2025-12-19
2024-04-21,SKU-158,Cabo 2m,Saída,149,CD Norte,L645,2025-01-25
2024-01-08,SKU-135,Fita isolante,Ajuste,289,CD Norte,L816,2025-08-30
2024-05-04,SKU-107,Parafuso 5mm,Ajuste,53,Loja 01,L884,2024-08-26
2024-03-30,SKU-127,Fita isolante,Entrada,166,Loja 01,L318,2025-03-21
2024-02-10,SKU-121,Tinta branca 18L,Saída,237,CD Sul,L306,2025-05-30
2024-01-08,SKU-152,Cabo 2m,Ajuste,224,CD Norte,L363,2024-05-13
2024-02-02,SKU-105,Parafuso 5mm,Entrada,272,Loja 01,L866,2025-03-11
2024-08-05,SKU-112,Tinta branca 18L,Entrada,219,CD Sul,L553,2025-01-31
2024-02-16,SKU-123,Luva nitrílica,Saída,16,CD Sul,L865,2025-01-09
2024-09-22,SKU-150,Luva nitrílica,Ajuste,213,CD Sul,L738,2025-11-01
2024-03-22,SKU-129,Luva nitrílica,Saída,290,CD Sul,L354,2024-11-06
2024-04-05,SKU-125,Fita isolante,Saída,130,CD Sul,L153,2025-09-03
2024-01-15,SKU-160,Fita isolante,Saída,139,CD Sul,L410,2024-11-06
2024-04-24,SKU-158,Tinta branca 18L,Saída,273,Loja 01,L404,2025-12-29
2024-05-13,SKU-133,Parafuso 5mm,Ajuste,211,Loja 01,L829,2025-02-08
2024-05-31,SKU-109,Parafuso 5mm,Saída,72,Loja 01,L647,2025-01-14
2024-06-12,SKU-107,Luva nitrílica,Saída,70,CD Sul,L399,2026-03-04
2024-08-17,SKU-126,Tinta branca 18L,Saída,296,CD Sul,L472,2026-01-03
2024-08-07,SKU-145,Cabo 2m,Entrada,93,Loja 01,L355,2025-12-20
2024-05-12,SKU-136,Fita isolante,Entrada,164,CD Norte,L613,2024-12-02
2024-05-19,SKU-140,Parafuso 5mm,Ajuste,119,Loja 01,L648,2026-04-30
2024-05-05,SKU-154,Tinta branca 18L,Entrada,234,CD Sul,L458,2025-04-24
2024-01-01,SKU-116,Luva nitrílica,Saída,221,CD Sul,L299,2025-10-07
2024-05-27,SKU-116,Cabo 2m,Ajuste,247,CD Sul,L722,2025-09-12
2024-03-10,SKU-122,Fita isolante,Entrada,157,Loja 01,L205,2025-02-20
2024-10-07,SKU-101,Luva nitrílica,Ajuste,220,Loja 01,L843,2025-02-02
2024-04-06,SKU-136,Parafuso 5mm,Saída,255,CD Norte,L305,2025-11-07
2024-10-08,SKU-103,Tinta branca 18L,Ajuste,15,CD Sul,L116,2025-01-13
2024-10-13,SKU-144,Parafuso 5mm,Saída,146,CD Norte,L679,2025-11-29
2024-06-17,SKU-156,Parafuso 5mm,Entrada,3,CD Sul,L360,2025-10-04
2024-09-19,SKU-130,Parafuso 5mm,Entrada,283,Loja 01,L864,2025-04-19
2024-07-22,SKU-136,Cabo 2m,Saída,195,Loja 01,L858,2025-11-26
2024-07-08,SKU-111,Fita isolante,Ajuste,144,CD Norte,L657,2026-04-30
2024-09-12,SKU-152,Tinta branca 18L,Saída,82,Loja 01,L547,2026-02-16
2024-04-18,SKU-156,Luva nitrílica,Saída,181,Loja 01,L587,2025-03-19
2024-04-06,SKU-106,Luva nitrílica,Entrada,13,Loja 01,L179,2024-08-06
2024-09-23,SKU-144,Parafuso 5mm,Saída,155,CD Norte,L252,2025-08-09
2024-07-14,SKU-120,Cabo 2m,Ajuste,212,CD Sul,L481,2025-07-22
2024-02-28,SKU-102,Tinta branca 18L,Ajuste,135,Loja 01,L613,2025-08-21
2024-08-01,SKU-148,Tinta branca 18L,Saída,197,CD Norte,L958,2025-07-04
2024-08-10,SKU-142,Cabo 2m,Entrada,222,CD Sul,L997,2025-06-25
2024-07-16,SKU-144,Luva nitrílica,Ajuste,178,Loja 01,L341,2025-04-01
2024-02-17,SKU-139,Tinta branca 18L,Ajuste,79,CD Norte,L876,2024-12-12
2024-10-21,SKU-138,Luva nitrílica,Saída,295,CD Norte,L105,2026-07-13
2024-06-22,SKU-116,Luva nitrílica,Saída,12,CD Norte,L408,2025-05-07
2024-03-18,SKU-111,Tinta branca 18L,Saída,260,Loja 01,L629,2025-01-07
2024-08-16,SKU-150,Cabo 2m,Saída,38,CD Sul,L642,2025-02-28
2024-05-15,SKU-153,Parafuso 5mm,Ajuste,6,CD Sul,L229,2025-12-08
2024-08-01,SKU-156,Luva nitrílica,Ajuste,169,Loja 01,L357,2025-08-30
2024-02-27,SKU-154,Tinta branca 18L,Saída,119,Loja 01,L100,2025-01-03
2024-08-17,SKU-135,Parafuso 5mm,Entrada,157,Loja 01,L715,2026-06-03
2024-08-27,SKU-133,Tinta branca 18L,Saída,204,CD Norte,L726,2025-10-28
2024-03-25,SKU-104,Fita isolante,Saída,139,CD Sul,L134,2024-11-18
2024-08-31,SKU-159,Fita isolante,Ajuste,93,CD Sul,L836,2025-07-04
2024-06-08,SKU-160,Tinta branca 18L,Saída,151,Loja 01,L277,2025-05-18
2024-05-10,SKU-121,Tinta branca 18L,Entrada,137,CD Norte,L452,2026-04-29
2024-10-01,SKU-144,Luva nitrílica,Saída,9,CD Norte,L849,2025-11-05
2024-05-16,SKU-109,Tinta branca 18L,Saída,260,CD Sul,L206,2024-08-27
2024-08-28,SKU-102,Parafuso 5mm,Entrada,40,CD Norte,L343,2025-10-20
2024-04-06,SKU-128,Tinta branca 18L,Saída,5,CD Norte,L184,2024-07-14
2024-10-06,SKU-106,Tinta branca 18L,Saída,70,Loja 01,L865,2025-06-06
2024-08-09,SKU-154,Cabo 2m,Saída,187,Loja 01,L871,2025-06-12
2024-02-08,SKU-139,Luva nitrílica,Ajuste,88,CD Norte,L977,2024-12-03
2024-07-31,SKU-139,Parafuso 5mm,Saída,246,Loja 01,L683,2025-04-24
2024-07-23,SKU-160,Fita isolante,Entrada,242,Loja 01,L647,2026-02-23
2024-01-15,SKU-118,Cabo 2m,Entrada,57,Loja 01,L248,2025-08-04
2024-07-28,SKU-127,Cabo 2m,Saída,205,Loja 01,L682,2025-10-04
2024-08-27,SKU-119,Fita isolante,Entrada,209,CD Norte,L134,2026-02-11
2024-03-09,SKU-158,Fita isolante,Saída,209,CD Sul,L869,2025-10-17
2024-02-19,SKU-119,Parafuso 5mm,Entrada,4,CD Sul,L933,2025-02-17
2024-10-01,SKU-109,Luva nitrílica,Saída,160,CD Norte,L725,2025-03-09
2024-01-06,SKU-149,Parafuso 5mm,Saída,55,Loja 01,L633,2025-01-25
2024-05-26,SKU-120,Fita isolante,Ajuste,155,Loja 01,L466,2026-02-14
