Data;Campanha;Canal;Investimento;Impressões;Cliques;Conversões;Receita Atribuída
15/04/2024;Black Friday;Google Ads;2.445,71;86227;1866;55;10.326,53
01/06/2024;Institucional;Google Ads;1.968,95;9057;276;11;1.683,41
20/10/2024;Volta às Aulas;Meta Ads;4.504,35;61139;339;15;4.349,74
31/05/2024;Black Friday;Meta Ads;3.925,55;14189;589;12;4.706,83
10/08/2024;Black Friday;TikTok;1.445,38;86785;559;17;6.129,95
05/05/2024;Institucional;Meta Ads;4.196,86;74638;2848;261;73.289,07
19/03/2024;Institucional;Meta Ads;1.341,44;82054;1236;129;37.532,17
09/02/2024;Volta às Aulas;Google Ads;305,49;52496;2277;219;71.431,51
20/09/2024;Black Friday;TikTok;2.108,72;63693;3034;279;52.006,65
07/05/2024;Volta às Aulas;Meta Ads;4.745,16;29843;848;96;36.492,88
21/01/2024;Institucional;Google Ads;2.060,47;81787;3857;181;45.629,98
21/05/2024;Institucional;E-mail;4.231,68;37360;719;72;17.900,58
26/06/2024;Institucional;Google Ads;4.030,06;19297;214;19;3.463,71
28/03/2024;Volta às Aulas;Google Ads;3.951,82;74942;1858;190;68.749,36
17/05/2024;Volta às Aulas;E-mail;664,81;23680;351;36;5.129,87
20/08/2024;Institucional;TikTok;4.957,24;62997;349;5;1.445,07
23/07/2024;Black Friday;Google Ads;4.314,44;28151;659;28;9.818,04
15/07/2024;Dia das Mães;E-mail;315,10;6333;174;14;5.333,21
27/01/2024;Black Friday;Google Ads;4.257,21;7380;222;14;2.597,60
25/10/2024;Volta às Aulas;E-mail;3.212,48;75078;1435;55;20.465,22
05/05/2024;Volta às Aulas;E-mail;2.628,98;17385;178;16;3.358,24
02/09/2024;Volta às Aulas;Google Ads;3.304,41;41800;782;72;24.069,95
09/05/2024;Volta às Aulas;E-mail;4.600,31;55088;385;27;2.845,81
06/06/2024;Volta às Aulas;Meta Ads;990,47;14880;168;2;575,22
04/04/2024;Volta às Aulas;TikTok;2.470,08;36934;1801;113;40.015,37
28/05/2024;Black Friday;Google Ads;3.693,09;38403;1415;30;10.716,25
08/04/2024;Dia das Mães;Google Ads;4.768,63;60063;1562;138;13.442,48
06/05/2024;Dia das Mães;Google Ads;4.830,39;25229;777;72;16.787,08
25/07/2024;Dia das Mães;E-mail;2.163,06;5570;170;19;3.274,39
12/08/2024;Dia das Mães;Meta Ads;3.530,66;15544;134;4;942,80
01/09/2024;Black Friday;E-mail;3.620,47;79889;919;106;25.771,03
28/02/2024;Volta às Aulas;Meta Ads;676,55;35833;1249;72;22.771,68
19/08/2024;Volta às Aulas;TikTok;3.089,58;79524;561;17;2.650,67
06/08/2024;Black Friday;Meta Ads;2.436,50;39582;404;40;11.835,24
13/01/2024;Volta às Aulas;Meta Ads;4.149,31;55605;1587;169;32.371,28
21/07/2024;Institucional;Google Ads;1.445,36;87603;869;76;14.247,79
19/08/2024;Black Friday;Meta Ads;4.124,23;14714;206;14;1.595,65
25/03/2024;Institucional;E-mail;2.432,41;72912;3470;389;81.816,57
08/06/2024;Dia das Mães;Meta Ads;3.928,87;74529;940;89;23.039,74
16/06/2024;Black Friday;E-mail;3.824,71;34298;1481;65;23.431,45
17/04/2024;Black Friday;Google Ads;1.543,88;52642;1161;91;23.837,10
24/09/2024;Dia das Mães;TikTok;4.632,67;25405;476;57;19.559,78
17/09/2024;Dia das Mães;TikTok;1.659,11;66126;3122;251;39.965,12
22/09/2024;Volta às Aulas;TikTok;3.249,50;36810;550;36;8.715,38
24/02/2024;Volta às Aulas;TikTok;287,90;33407;428;35;3.543,45
12/10/2024;Volta às Aulas;Meta Ads;3.610,46;58960;2412;69;19.476,86
18/04/2024;Institucional;TikTok;934,41;7368;237;15;2.632,95
30/03/2024;Black Friday;Meta Ads;3.706,30;13385;538;21;7.023,57
22/09/2024;Volta às Aulas;E-mail;4.081,74;35521;1046;64;5.710,50
12/10/2024;Institucional;TikTok;961,45;47314;1726;152;37.103,96
02/09/2024;Dia das Mães;E-mail;1.360,72;67904;3248;48;4.344,61
06/04/2024;Dia das Mães;Google Ads;510,64;36179;1396;117;27.578,37
05/04/2024;Dia das Mães;TikTok;1.880,24;8030;295;28;7.742,65
14/08/2024;Black Friday;E-mail;4.152,38;88812;2368;80;24.922,94
26/09/2024;Institucional;Google Ads;3.470,28;72548;2994;150;36.497,96
16/01/2024;Black Friday;Google Ads;4.699,47;15762;185;15;4.108,56
19/01/2024;Dia das Mães;Google Ads;3.847,49;69425;2287;249;38.756,30
15/03/2024;Volta às Aulas;Meta Ads;425,69;47417;863;85;29.747,28
08/04/2024;Institucional;Google Ads;349,30;38333;801;48;17.688,98
11/05/2024;Institucional;TikTok;3.424,20;6830;109;6;1.403,74
13/03/2024;Institucional;Meta Ads;905,29;32472;1161;60;22.366,66
21/01/2024;Institucional;Google Ads;4.978,09;12291;216;17;4.634,05
25/08/2024;Institucional;TikTok;2.840,40;77030;2256;68;5.450,62
22/06/2024;Black Friday;E-mail;4.190,89;24942;659;30;11.517,13
01/09/2024;Black Friday;TikTok;3.080,24;60486;852;76;26.995,58
02/01/2024;Institucional;Google Ads;2.574,25;15828;764;63;6.115,87
02/09/2024;Black Friday;TikTok;3.291,30;57486;319;37;5.416,92
21/08/2024;Institucional;E-mail;3.459,12;44720;2112;56;12.668,10
17/02/2024;Dia das Mães;E-mail;2.645,89;43894;346;40;11.155,29
03/01/2024;Dia das Mães;Meta Ads;1.818,45;66494;882;61;24.150,69
07/10/2024;Volta às Aulas;E-mail;1.640,13;39859;836;73;8.149,46
17/05/2024;Black Friday;TikTok;1.640,16;25769;610;51;15.946,08
05/09/2024;Black Friday;TikTok;1.260,90;27702;724;7;2.749,66
10/09/2024;Institucional;TikTok;3.910,43;29576;1250;64;18.520,87
31/03/2024;Black Friday;E-mail;1.314,16;55516;1234;66;12.045,22
26/05/2024;Black Friday;Meta Ads;441,91;23084;1137;87;34.288,13
26/07/2024;Black Friday;Google Ads;1.553,86;56237;930;63;24.112,75
25/09/2024;Dia das Mães;Meta Ads;3.879,41;11539;547;63;10.594,04
28/04/2024;Black Friday;E-mail;3.938,46;7125;206;9;1.294,44
15/05/2024;Black Friday;TikTok;2.656,65;41672;1329;115;42.593,09
16/04/2024;Volta às Aulas;TikTok;188,76;25971;523;26;6.851,17
01/03/2024;Black Friday;Meta Ads;3.714,95;45366;1444;137;34.079,65
12/01/2024;Volta às Aulas;E-mail;4.183,09;17670;392;27;6.477,45
06/06/2024;Black Friday;Meta Ads;3.536,68;42651;759;30;11.888,71
26/03/2024;Dia das Mães;TikTok;4.815,72;3668;92;10;2.097,06
20/08/2024;Volta às Aulas;Meta Ads;396,49;15909;649;38;7.126,05
17/03/2024;Institucional;Meta Ads;3.823,13;25745;1230;147;53.492,52
12/08/2024;Institucional;E-mail;4.278,38;36227;1348;104;35.278,98
09/01/2024;Dia das Mães;Meta Ads;4.657,34;6340;244;3;1.123,71
08/06/2024;Institucional;TikTok;3.842,51;46339;1722;182;52.598,85
15/09/2024;Institucional;TikTok;2.846,37;7954;261;8;1.058,27
27/07/2024;Dia das Mães;TikTok;707,29;38453;592;17;3.851,12
17/05/2024;Black Friday;Meta Ads;2.636,66;11336;181;20;3.179,34
22/03/2024;Black Friday;Meta Ads;4.263,65;73920;3472;169;22.225,67
13/10/2024;Volta às Aulas;E-mail;3.895,70;48304;426;45;5.267,28
29/04/2024;Black Friday;Meta Ads;3.032,24;3208;147;2;626,78
27/05/2024;Dia das Mães;E-mail;4.749,65;83111;3790;406;44.165,62
27/10/2024;Dia das Mães;E-mail;4.401,45;5613;56;3;258,78
02/01/2024;Black Friday;TikTok;3.706,32;39990;459;38;3.985,26
23/06/2024;Volta às Aulas;Google Ads;4.490,55;66973;3188;147;34.604,42
06/05/2024;Institucional;TikTok;4.076,85;34844;1306;95;29.006,48
16/03/2024;Black Friday;Meta Ads;2.590,78;36975;1493;122;26.025,25
20/07/2024;Dia das Mães;E-mail;3.434,12;12143;292;3;301,15
10/06/2024;Black Friday;TikTok;3.287,76;36922;1546;148;17.378,12
26/05/2024;Black Friday;Google Ads;3.410,27;62841;2353;61;10.946,72
11/05/2024;Black Friday;TikTok;3.724,56;55668;494;25;3.816,27
27/09/2024;Dia das Mães;TikTok;2.545,82;40006;1034;58;13.533,05
17/03/2024;Black Friday;E-mail;672,00;78458;1714;179;48.015,81
21/08/2024;Dia das Mães;Google Ads;1.604,59;39885;424;33;8.052,70
24/10/2024;Institucional;TikTok;1.899,17;46116;1946;53;5.082,27
23/05/2024;Black Friday;Google Ads;4.661,77;75798;1855;175;68.011,80
15/10/2024;Volta às Aulas;TikTok;2.797,05;14259;399;13;2.573,10
27/01/2024;Dia das Mães;Meta Ads;114,35;17384;745;37;13.741,41
20/03/2024;Dia das Mães;E-mail;1.966,84;29631;558;26;4.520,83
24/01/2024;Black Friday;E-mail;1.682,84;56683;1636;51;7.144,31
09/01/2024;Institucional;Meta Ads;3.811,08;9391;317;13;3.306,99
28/09/2024;Volta às Aulas;Meta Ads;3.238,23;26704;1155;40;13.994,30
20/08/2024;Dia das Mães;Google Ads;2.774,39;81452;560;44;15.019,56
15/06/2024;Volta às Aulas;TikTok;4.140,43;25711;1116;122;26.211,88
02/08/2024;Volta às Aulas;Google Ads;4.708,21;45408;480;12;2.916,09
06/03/2024;Dia das Mães;E-mail;4.955,23;36582;973;69;24.901,71
05/03/2024;Volta às Aulas;Meta Ads;1.708,93;18894;242;9;1.613,19
16/07/2024;Black Friday;Meta Ads;3.780,40;64037;1260;18;5.908,27
01/10/2024;Institucional;TikTok;1.403,33;87622;4009;207;44.012,10
29/05/2024;Dia das Mães;E-mail;3.997,21;80455;1582;122;11.983,30
28/07/2024;Dia das Mães;TikTok;2.298,35;67131;859;14;2.078,40
28/01/2024;Dia das Mães;Meta Ads;2.379,74;30098;154;2;435,66
09/03/2024;Black Friday;Google Ads;4.592,30;72559;1880;26;3.246,77
06/01/2024;Dia das Mães;Meta Ads;358,64;3379;21;0;0,00
12/05/2024;Dia das Mães;E-mail;2.858,81;80270;435;44;16.904,90
05/08/2024;Black Friday;TikTok;4.984,83;61830;2189;190;67.746,57
13/06/2024;Dia das Mães;TikTok;1.695,27;68822;1524;99;15.376,62
28/07/2024;Institucional;Google Ads;2.948,66;8027;324;26;7.293,02
09/08/2024;Institucional;Meta Ads;4.004,94;84275;770;72;19.324,69
29/07/2024;Institucional;E-mail;1.282,83;21414;521;27;5.088,68
14/07/2024;Dia das Mães;TikTok;3.087,80;13326;174;16;2.622,76
28/06/2024;Dia das Mães;Google Ads;1.447,04;81235;856;22;7.317,53
27/02/2024;Dia das Mães;Google Ads;2.656,03;65451;2163;170;64.280,08
24/10/2024;Volta às Aulas;E-mail;4.225,25;44458;2209;26;2.828,97
02/04/2024;Volta às Aulas;Meta Ads;3.476,25;51173;2319;209;47.044,51
01/02/2024;Dia das Mães;TikTok;3.108,81;74521;1576;169;48.299,24
22/08/2024;Volta às Aulas;Meta Ads;1.813,38;72191;488;21;6.832,13
07/08/2024;Institucional;Meta Ads;2.349,63;69064;1611;126;17.182,70
19/07/2024;Dia das Mães;E-mail;3.479,13;65857;537;9;2.035,57
18/02/2024;Volta às Aulas;TikTok;3.777,46;73530;1998;172;20.392,66
14/03/2024;Volta às Aulas;E-mail;900,10;79340;1057;39;13.812,41
01/05/2024;Black Friday;Meta Ads;1.960,09;6920;302;23;2.920,89
07/09/2024;Volta às Aulas;Google Ads;3.946,46;48015;326;32;6.067,31
06/01/2024;Black Friday;TikTok;4.088,87;16509;141;12;3.390,82
19/08/2024;Institucional;Google Ads;2.353,07;11125;338;23;8.543,78
02/07/2024;Dia das Mães;TikTok;1.069,76;65384;2289;60;10.110,48
11/02/2024;Dia das Mães;TikTok;4.738,78;13900;693;58;22.943,81
16/07/2024;Institucional;TikTok;1.590,67;29840;1283;149;13.357,82
19/10/2024;Dia das Mães;E-mail;3.776,33;41990;240;6;736,15
11/05/2024;Black Friday;Google Ads;1.615,09;74586;2318;177;18.014,54
18/03/2024;Volta às Aulas;Google Ads;2.509,39;52676;676;26;2.804,55
28/02/2024;Dia das Mães;E-mail;3.378,95;25664;1262;108;30.965,44
22/01/2024;Black Friday;Google Ads;438,74;20518;868;17;4.693,25
07/10/2024;Volta às Aulas;E-mail;3.871,79;88379;1349;33;10.495,72
23/05/2024;Dia das Mães;TikTok;577,65;19500;552;63;14.131,51
23/10/2024;Dia das Mães;E-mail;355,16;64626;863;96;27.618,94
13/08/2024;Black Friday;Google Ads;1.934,61;16396;408;47;16.688,38
31/07/2024;Dia das Mães;Google Ads;2.610,90;5661;165;3;718,75
18/08/2024;Dia das Mães;Google Ads;4.868,70;30419;1483;49;5.346,61
23/09/2024;Dia das Mães;Google Ads;4.223,74;44825;2152;177;30.889,69
04/02/2024;Dia das Mães;Meta Ads;2.789,45;59210;1468;132;48.466,86
27/05/2024;Black Friday;Google Ads;509,03;16056;635;21;6.639,18
12/05/2024;Black Friday;E-mail;2.304,57;45688;1117;27;4.563,70
07/01/2024;Institucional;Meta Ads;2.034,11;62959;2442;143;33.231,34
07/03/2024;Dia das Mães;TikTok;1.081,88;63554;578;54;11.317,08
29/01/2024;Dia das Mães;TikTok;3.753,27;81665;1737;193;53.518,82
11/10/2024;Dia das Mães;E-mail;1.343,32;11692;390;5;466,92
18/06/2024;Black Friday;TikTok;2.901,86;7589;278;30;4.841,96
27/02/2024;Institucional;TikTok;2.536,93;23077;838;36;13.818,99
08/05/2024;Institucional;Google Ads;3.737,65;86490;2830;92;27.310,66
13/02/2024;Volta às Aulas;TikTok;2.070,24;41872;392;4;588,54
14/02/2024;Black Friday;Google Ads;2.828,27;58823;571;55;21.697,27
29/08/2024;Black Friday;Google Ads;4.984,97;9403;50;3;492,48
30/09/2024;Black Friday;Meta Ads;4.844,96;11631;306;12;2.301,11
13/08/2024;Dia das Mães;Google Ads;1.517,40;63485;1727;39;4.120,55
06/02/2024;Dia das Mães;Meta Ads;2.496,73;22067;945;58;6.338,62
06/05/2024;Black Friday;E-mail;4.940,02;50312;1089;25;6.860,95
13/04/2024;Black Friday;E-mail;572,35;28821;1428;97;23.148,16
24/09/2024;Black Friday;Meta Ads;2.630,24;47570;1584;30;2.449,01
07/04/2024;Dia das Mães;Google Ads;2.303,22;22610;378;40;12.073,37
10/09/2024;Black Friday;Google Ads;4.242,45;89663;2603;106;36.506,81
11/03/2024;Volta às Aulas;TikTok;4.162,29;12422;589;49;9.689,81
21/01/2024;Volta às Aulas;E-mail;2.196,67;55642;1999;163;28.477,92
07/01/2024;Institucional;TikTok;4.834,72;88572;3278;109;29.009,82
07/01/2024;Dia das Mães;TikTok;1.007,17;63009;2639;179;63.499,03
10/03/2024;Black Friday;E-mail;3.025,25;7889;159;15;2.157,00
27/04/2024;Institucional;TikTok;1.292,92;86615;783;85;11.022,41
24/04/2024;Volta às Aulas;TikTok;820,51;78134;3792;176;33.346,48
03/05/2024;Volta às Aulas;Google Ads;4.035,87;89829;1635;157;15.616,24
01/07/2024;Volta às Aulas;E-mail;159,38;79555;1583;65;6.244,89
11/04/2024;Dia das Mães;E-mail;856,65;89621;3943;140;29.889,99
07/05/2024;Dia das Mães;Meta Ads;3.725,32;72830;586;9;1.980,31
24/06/2024;Black Friday;E-mail;1.526,94;84397;1021;19;6.548,22
10/07/2024;Dia das Mães;TikTok;428,54;2897;32;3;551,81
02/01/2024;Black Friday;TikTok;1.464,89;55664;2457;56;5.070,55
12/04/2024;Black Friday;E-mail;3.014,14;9719;463;29;7.150,61
25/02/2024;Volta às Aulas;Meta Ads;3.779,59;86515;982;67;26.540,57
12/08/2024;Black Friday;Google Ads;237,11;47238;515;9;3.303,05
26/09/2024;Black Friday;Meta Ads;1.267,10;77736;1751;157;55.193,90
25/01/2024;Institucional;E-mail;119,88;8322;158;7;1.066,93
13/03/2024;Dia das Mães;Meta Ads;3.285,08;56209;436;46;12.875,43
16/09/2024;Institucional;TikTok;2.607,87;3374;81;2;560,69
22/09/2024;Black Friday;Meta Ads;3.300,77;71358;1749;205;47.233,88
15/06/2024;Institucional;Google Ads;3.840,64;29944;924;102;37.076,28
02/05/2024;Institucional;TikTok;4.616,84;54520;2446;282;69.833,07
28/08/2024;Institucional;E-mail;3.070,10;66276;1454;57;15.391,04
21/08/2024;Black Friday;Meta Ads;4.160,09;86235;1593;152;51.944,00
09/04/2024;Black Friday;Meta Ads;2.101,18;79237;847;41;11.758,66
11/10/2024;Black Friday;TikTok;3.615,37;66280;2844;302;47.736,29
19/07/2024;Institucional;TikTok;4.770,36;63345;2642;280;61.769,69
06/08/2024;Black Friday;TikTok;2.889,32;67066;2547;239;47.303,93
11/04/2024;Volta às Aulas;E-mail;604,31;32617;949;32;3.775,29
08/10/2024;Dia das Mães;E-mail;3.219,89;14083;360;36;3.477,19
10/10/2024;Dia das Mães;E-mail;1.199,08;62767;1189;29;3.688,90
21/05/2024;Black Friday;E-mail;4.736,83;61162;414;4;950,01
05/08/2024;Dia das Mães;E-mail;692,38;24465;1023;42;7.842,50
16/01/2024;Black Friday;Meta Ads;1.632,95;35490;856;85;32.919,87
20/05/2024;Volta às Aulas;Meta Ads;614,69;84872;962;64;6.486,21
22/08/2024;Institucional;Google Ads;2.933,82;84032;2085;193;37.932,26
04/05/2024;Institucional;Meta Ads;1.469,63;20939;191;15;2.431,90
07/01/2024;Dia das Mães;E-mail;529,12;41187;1622;145;23.066,40
19/05/2024;Dia das Mães;Google Ads;2.895,16;48640;1523;104;24.021,26
17/06/2024;Dia das Mães;E-mail;960,88;45486;1141;75;28.743,31
10/10/2024;Dia das Mães;TikTok;4.692,67;31630;686;23;7.862,84
09/10/2024;Volta às Aulas;E-mail;4.539,64;55824;2431;108;18.065,20
25/01/2024;Dia das Mães;E-mail;3.485,05;77403;1220;125;36.624,14
30/03/2024;Dia das Mães;E-mail;2.032,28;58882;1129;97;31.634,30
02/03/2024;Volta às Aulas;Google Ads;4.224,86;32751;956;89;14.005,79
15/04/2024;Black Friday;E-mail;2.908,41;57195;2303;32;3.367,78
27/05/2024;Black Friday;Meta Ads;2.909,43;25397;1258;63;13.511,84
15/03/2024;Dia das Mães;Google Ads;3.035,81;17131;752;68;23.706,73
19/04/2024;Volta às Aulas;Google Ads;1.850,09;55327;2018;67;21.999,83
11/03/2024;Institucional;TikTok;3.825,22;44799;1448;21;2.313,66
29/01/2024;Volta às Aulas;TikTok;3.172,43;62520;501;26;4.985,91
19/04/2024;Black Friday;Google Ads;250,01;17271;518;25;7.182,84
14/01/2024;Institucional;E-mail;184,86;80314;3382;100;34.509,61
21/03/2024;Institucional;Google Ads;4.279,24;8900;254;23;2.727,35
21/09/2024;Dia das Mães;Google Ads;821,20;55077;2609;233;48.794,44
21/09/2024;Black Friday;E-mail;4.949,24;12593;475;19;5.340,50
15/03/2024;Institucional;E-mail;2.610,30;69623;2263;221;71.149,19
23/10/2024;Volta às Aulas;TikTok;1.661,99;52922;593;37;13.385,85
21/04/2024;Dia das Mães;Meta Ads;4.716,68;25337;605;66;18.274,96
04/04/2024;Volta às Aulas;Google Ads;1.846,46;15772;195;7;1.510,61
01/09/2024;Dia das Mães;Meta Ads;2.966,91;39392;1798;28;3.249,53
13/09/2024;Volta às Aulas;Meta Ads;1.786,20;28475;943;48;6.679,90
13/08/2024;Black Friday;Google Ads;2.643,04;60121;2418;50;11.191,99
04/09/2024;Volta às Aulas;E-mail;935,02;40805;1066;113;43.265,80
25/01/2024;Institucional;Meta Ads;3.650,58;42408;218;19;6.697,76
02/09/2024;Institucional;TikTok;3.007,28;59979;396;42;15.117,38
14/10/2024;Dia das Mães;E-mail;2.512,96;20109;872;68;6.984,20
01/01/2024;Dia das Mães;E-mail;2.448,26;66213;3060;257;60.355,96
14/07/2024;Institucional;E-mail;2.187,92;45519;1383;136;26.728,96
11/08/2024;Institucional;TikTok;3.701,16;31394;447;43;16.198,43
07/04/2024;Volta às Aulas;Google Ads;4.895,61;38518;1854;81;14.165,92
18/06/2024;Institucional;Meta Ads;4.581,87;24527;394;32;6.535,25
22/08/2024;Institucional;TikTok;4.346,01;86450;3858;190;23.461,20
01/09/2024;Volta às Aulas;Google Ads;2.455,29;77719;2305;171;27.911,72
08/05/2024;Institucional;Google Ads;4.130,59;61488;1050;75;10.558,25
14/01/2024;Dia das Mães;Meta Ads;4.010,26;68303;901;92;30.421,90
08/07/2024;Volta às Aulas;Google Ads;3.280,15;5351;248;13;2.523,85
31/07/2024;Institucional;Google Ads;1.332,42;37153;1747;169;50.732,31
11/06/2024;Dia das Mães;Google Ads;1.702,26;36247;1284;24;7.783,31
22/03/2024;Black Friday;Meta Ads;513,75;11919;427;12;3.343,34
08/10/2024;Institucional;Meta Ads;2.681,11;4462;214;10;3.519,52
11/03/2024;Black Friday;E-mail;1.703,41;82064;1255;85;32.133,79
30/05/2024;Dia das Mães;Google Ads;3.339,98;55734;850;28;6.329,60
07/06/2024;Dia das Mães;Meta Ads;2.744,24;4690;136;2;536,57
15/05/2024;Institucional;E-mail;2.856,41;75000;3504;241;88.282,43
11/04/2024;Institucional;E-mail;2.328,96;10307;210;16;3.611,70
21/03/2024;Volta às Aulas;E-mail;2.729,25;87962;3318;39;7.917,83
09/05/2024;Dia das Mães;E-mail;502,91;83462;4167;273;45.446,28
24/03/2024;Black Friday;Meta Ads;2.849,16;16682;668;42;13.892,39
22/06/2024;Institucional;Meta Ads;3.525,88;57870;1166;45;13.724,08
20/09/2024;Volta às Aulas;E-mail;517,50;35863;1576;129;13.854,10
08/01/2024;Dia das Mães;E-mail;1.194,27;35038;1121;30;8.049,78
26/01/2024;Volta às Aulas;TikTok;4.373,44;4026;200;21;4.580,65
30/06/2024;Institucional;Google Ads;585,79;18098;859;82;19.953,63
23/05/2024;Black Friday;E-mail;980,06;74314;1883;59;22.674,65
18/03/2024;Institucional;TikTok;3.595,41;63726;2084;130;22.630,66
13/07/2024;Dia das Mães;TikTok;484,73;36979;970;47;8.251,17
18/07/2024;Institucional;TikTok;2.587,65;34432;581;27;6.029,50
31/08/2024;Dia das Mães;Meta Ads;1.156,67;48789;540;15;1.282,58
23/03/2024;Institucional;Google Ads;3.966,08;55554;329;4;759,28
12/06/2024;Institucional;Google Ads;1.837,38;78249;2800;234;40.941,20
27/01/2024;Institucional;Google Ads;1.265,67;21972;846;29;9.915,62
15/07/2024;Institucional;E-mail;2.155,96;68348;1516;76;29.490,15
15/04/2024;Dia das Mães;E-mail;1.282,41;57180;2593;135;12.183,80
18/09/2024;Volta às Aulas;E-mail;3.565,75;76548;1857;101;30.915,78
29/01/2024;Institucional;Meta Ads;1.943,92;26897;301;31;7.006,03
09/08/2024;Volta às Aulas;Meta Ads;2.210,37;22190;564;17;4.171,88
26/03/2024;Black Friday;Meta Ads;721,42;8830;242;27;3.837,84
18/03/2024;Black Friday;Google Ads;100,94;55139;1365;152;28.908,44
13/07/2024;Institucional;Google Ads;3.518,57;48525;1276;143;43.644,57
01/05/2024;Institucional;E-mail;283,96;12550;275;28;9.384,20
14/09/2024;Dia das Mães;Google Ads;3.909,43;9037;122;2;243,28
